customer_id,customer_value,gender,customer_type,age,type_of_travel,class,flight_distance,departure_delay_in_minutes,arrival_delay_in_minutes,time_recovered_in_minutes,time_recovery_status,satisfaction,satisfaction_bool,seat_comfort,leg_room_service,food_and_drink,inflight_entertainment,inflight_wifi_service,cleanliness,products_rating_score,products_rating_percentage,on_board_service,inflight_service,checkin_service,online_boarding,ease_of_online_booking,baggage_handling,gate_location,departure_arrival_time_convenience,services_rating_score,services_rating_percentage
23040,mid,F,disloyal,27,business,eco plus,1080,0,0,0,same,neutral or dissatisfied,False,3.0,1.0,3.0,3.0,3.0,3.0,16.0,53.33,4.0,3.0,3.0,3.0,3.0,3,3.0,3.0,25.0,62.5
21262,mid,F,disloyal,21,business,eco plus,903,35,28,7,recovered,neutral or dissatisfied,False,1.0,5.0,1.0,1.0,4.0,1.0,13.0,43.33,4.0,4.0,1.0,4.0,4.0,3,4.0,3.0,27.0,67.5
119989,mid,F,disloyal,29,business,eco plus,868,0,0,0,same,neutral or dissatisfied,False,3.0,4.0,3.0,3.0,2.0,3.0,18.0,60.0,3.0,3.0,2.0,2.0,2.0,3,4.0,2.0,21.0,52.5
48272,mid,F,disloyal,24,business,eco plus,391,0,0,0,same,neutral or dissatisfied,False,3.0,2.0,3.0,3.0,3.0,3.0,17.0,56.67,5.0,5.0,2.0,3.0,3.0,5,2.0,5.0,30.0,75.0
11534,mid,F,disloyal,62,business,eco plus,316,0,0,0,same,neutral or dissatisfied,False,4.0,1.0,4.0,4.0,4.0,4.0,21.0,70.0,2.0,3.0,2.0,4.0,4.0,4,4.0,4.0,27.0,67.5
114100,mid,M,disloyal,35,business,eco plus,1947,8,13,-5,worsened,neutral or dissatisfied,False,2.0,5.0,5.0,5.0,2.0,5.0,24.0,80.0,4.0,3.0,3.0,2.0,2.0,4,3.0,2.0,23.0,57.5
113790,mid,F,disloyal,17,business,eco plus,258,0,0,0,same,neutral or dissatisfied,False,4.0,2.0,4.0,4.0,1.0,4.0,19.0,63.33,2.0,4.0,4.0,1.0,1.0,4,4.0,,20.0,50.0
2808,mid,F,disloyal,23,business,eco plus,764,0,0,0,same,neutral or dissatisfied,False,2.0,3.0,2.0,2.0,2.0,2.0,13.0,43.33,4.0,1.0,1.0,2.0,2.0,5,4.0,,19.0,47.5
117305,mid,F,disloyal,33,business,eco plus,338,17,8,9,recovered,neutral or dissatisfied,False,1.0,3.0,1.0,1.0,1.0,1.0,8.0,26.67,3.0,2.0,3.0,1.0,1.0,2,3.0,1.0,16.0,40.0
119614,mid,F,disloyal,26,business,eco plus,1979,20,0,20,recovered,neutral or dissatisfied,False,4.0,5.0,4.0,4.0,1.0,4.0,22.0,73.33,2.0,4.0,4.0,1.0,1.0,2,4.0,1.0,19.0,47.5
13766,mid,F,disloyal,36,business,eco plus,401,0,0,0,same,neutral or dissatisfied,False,1.0,1.0,1.0,1.0,2.0,1.0,7.0,23.33,5.0,4.0,2.0,1.0,1.0,5,3.0,1.0,22.0,55.0
117329,mid,F,disloyal,9,business,eco plus,646,4,0,4,recovered,neutral or dissatisfied,False,5.0,2.0,2.0,2.0,2.0,2.0,15.0,50.0,3.0,2.0,1.0,2.0,2.0,3,2.0,2.0,17.0,42.5
33234,mid,F,disloyal,27,business,eco plus,101,0,0,0,same,neutral or dissatisfied,False,1.0,1.0,1.0,1.0,3.0,1.0,8.0,26.67,2.0,4.0,2.0,3.0,3.0,2,3.0,3.0,22.0,55.0
74301,mid,F,disloyal,25,business,eco plus,811,0,0,0,same,neutral or dissatisfied,False,4.0,2.0,5.0,5.0,1.0,5.0,22.0,73.33,2.0,4.0,1.0,1.0,1.0,5,2.0,5.0,21.0,52.5
67968,mid,F,disloyal,38,business,eco plus,1126,20,13,7,recovered,neutral or dissatisfied,False,2.0,3.0,2.0,2.0,2.0,2.0,13.0,43.33,2.0,3.0,3.0,1.0,1.0,4,4.0,1.0,19.0,47.5
7039,mid,F,disloyal,56,business,eco plus,196,1,6,-5,worsened,neutral or dissatisfied,False,2.0,5.0,2.0,2.0,2.0,2.0,15.0,50.0,2.0,4.0,4.0,2.0,2.0,4,3.0,2.0,23.0,57.5
104679,mid,M,disloyal,30,business,eco plus,641,0,0,0,same,neutral or dissatisfied,False,1.0,3.0,1.0,1.0,3.0,1.0,10.0,33.33,2.0,4.0,4.0,3.0,3.0,3,4.0,3.0,26.0,65.0
107214,mid,F,disloyal,33,business,eco plus,402,0,0,0,same,neutral or dissatisfied,False,5.0,5.0,5.0,5.0,2.0,5.0,27.0,90.0,4.0,3.0,3.0,2.0,2.0,3,3.0,2.0,22.0,55.0
67309,mid,F,disloyal,29,business,eco plus,985,22,28,-6,worsened,neutral or dissatisfied,False,1.0,3.0,1.0,1.0,3.0,1.0,10.0,33.33,4.0,3.0,1.0,3.0,3.0,4,3.0,3.0,24.0,60.0
36281,mid,F,disloyal,42,business,eco plus,212,0,0,0,same,neutral or dissatisfied,False,5.0,4.0,5.0,5.0,2.0,5.0,26.0,86.67,3.0,2.0,4.0,2.0,2.0,4,4.0,2.0,23.0,57.5
96554,mid,M,disloyal,17,business,eco plus,302,0,0,0,same,neutral or dissatisfied,False,4.0,5.0,4.0,4.0,3.0,4.0,24.0,80.0,1.0,2.0,3.0,3.0,3.0,1,3.0,,16.0,40.0
75625,mid,F,disloyal,33,business,eco plus,337,4,0,4,recovered,neutral or dissatisfied,False,2.0,5.0,2.0,2.0,3.0,2.0,16.0,53.33,1.0,3.0,4.0,3.0,3.0,3,3.0,3.0,23.0,57.5
63669,mid,M,disloyal,35,business,eco plus,2405,0,0,0,same,neutral or dissatisfied,False,2.0,2.0,2.0,2.0,2.0,2.0,12.0,40.0,2.0,1.0,5.0,2.0,2.0,1,1.0,2.0,16.0,40.0
25548,mid,F,disloyal,34,business,eco plus,481,0,0,0,same,neutral or dissatisfied,False,1.0,1.0,1.0,1.0,4.0,1.0,9.0,30.0,4.0,2.0,4.0,4.0,4.0,5,3.0,4.0,30.0,75.0
23548,mid,F,disloyal,18,business,eco plus,455,27,30,-3,worsened,neutral or dissatisfied,False,4.0,4.0,3.0,3.0,2.0,3.0,19.0,63.33,5.0,4.0,4.0,2.0,2.0,1,4.0,4.0,26.0,65.0
57670,mid,F,disloyal,30,business,eco plus,200,0,0,0,same,neutral or dissatisfied,False,2.0,3.0,4.0,4.0,1.0,4.0,18.0,60.0,2.0,3.0,4.0,1.0,1.0,4,3.0,1.0,19.0,47.5
22526,mid,M,disloyal,30,business,eco plus,143,0,0,0,same,neutral or dissatisfied,False,3.0,5.0,5.0,5.0,3.0,5.0,26.0,86.67,1.0,3.0,3.0,3.0,3.0,1,5.0,3.0,22.0,55.0
40939,mid,F,disloyal,27,business,eco plus,188,14,27,-13,worsened,neutral or dissatisfied,False,1.0,2.0,1.0,1.0,3.0,1.0,9.0,30.0,4.0,4.0,1.0,3.0,3.0,4,3.0,3.0,25.0,62.5
109593,mid,F,disloyal,28,business,eco plus,994,4,9,-5,worsened,neutral or dissatisfied,False,5.0,4.0,5.0,5.0,3.0,5.0,27.0,90.0,3.0,2.0,1.0,3.0,3.0,3,3.0,3.0,21.0,52.5
95493,mid,F,disloyal,27,business,eco plus,562,7,0,7,recovered,neutral or dissatisfied,False,3.0,5.0,3.0,3.0,1.0,3.0,18.0,60.0,4.0,4.0,1.0,1.0,1.0,3,3.0,1.0,18.0,45.0
25420,mid,M,disloyal,22,business,eco plus,590,0,0,0,same,neutral or dissatisfied,False,5.0,5.0,5.0,5.0,4.0,5.0,29.0,96.67,1.0,2.0,1.0,4.0,4.0,2,1.0,2.0,17.0,42.5
121496,mid,F,disloyal,42,business,eco plus,257,0,0,0,same,neutral or dissatisfied,False,2.0,5.0,2.0,2.0,2.0,2.0,15.0,50.0,3.0,4.0,1.0,2.0,2.0,3,3.0,2.0,20.0,50.0
102595,mid,F,disloyal,35,business,eco plus,226,0,0,0,same,neutral or dissatisfied,False,1.0,4.0,1.0,1.0,2.0,1.0,10.0,33.33,3.0,4.0,2.0,2.0,2.0,3,4.0,2.0,22.0,55.0
43151,mid,F,disloyal,59,business,eco plus,173,0,0,0,same,neutral or dissatisfied,False,1.0,2.0,1.0,1.0,2.0,1.0,8.0,26.67,4.0,5.0,1.0,2.0,2.0,5,4.0,2.0,25.0,62.5
91294,mid,F,disloyal,44,business,eco plus,406,0,0,0,same,neutral or dissatisfied,False,1.0,4.0,5.0,5.0,2.0,5.0,22.0,73.33,2.0,3.0,1.0,2.0,2.0,3,4.0,2.0,19.0,47.5
23872,mid,F,disloyal,27,business,eco plus,552,0,0,0,same,neutral or dissatisfied,False,4.0,3.0,2.0,2.0,2.0,2.0,15.0,50.0,1.0,4.0,1.0,2.0,2.0,4,4.0,2.0,20.0,50.0
14474,mid,M,disloyal,32,business,eco plus,674,0,0,0,same,neutral or dissatisfied,False,4.0,5.0,4.0,4.0,2.0,4.0,23.0,76.67,3.0,5.0,2.0,2.0,2.0,3,1.0,2.0,20.0,50.0
43404,mid,F,disloyal,25,business,eco plus,531,0,0,0,same,neutral or dissatisfied,False,2.0,3.0,2.0,2.0,2.0,2.0,13.0,43.33,5.0,4.0,2.0,2.0,2.0,5,4.0,,24.0,60.0
67494,mid,F,disloyal,22,business,eco plus,641,3,0,3,recovered,neutral or dissatisfied,False,5.0,5.0,5.0,5.0,4.0,5.0,29.0,96.67,1.0,4.0,3.0,4.0,4.0,3,4.0,2.0,25.0,62.5
118841,mid,M,disloyal,23,business,eco plus,304,0,0,0,same,neutral or dissatisfied,False,3.0,1.0,3.0,3.0,1.0,3.0,14.0,46.67,3.0,2.0,2.0,1.0,1.0,5,3.0,,17.0,42.5
45384,mid,F,disloyal,35,business,eco plus,175,0,0,0,same,neutral or dissatisfied,False,1.0,2.0,1.0,1.0,1.0,1.0,7.0,23.33,2.0,1.0,1.0,1.0,1.0,2,2.0,1.0,11.0,27.5
75059,mid,F,disloyal,28,business,eco plus,1592,0,1,-1,worsened,neutral or dissatisfied,False,1.0,2.0,1.0,1.0,1.0,1.0,7.0,23.33,2.0,2.0,3.0,1.0,1.0,3,2.0,1.0,15.0,37.5
51355,mid,M,disloyal,43,business,eco plus,308,0,6,-6,worsened,neutral or dissatisfied,False,1.0,4.0,1.0,1.0,3.0,1.0,11.0,36.67,3.0,2.0,3.0,3.0,3.0,1,1.0,3.0,19.0,47.5
37818,mid,M,disloyal,24,business,eco plus,972,0,0,0,same,satisfied,True,3.0,3.0,3.0,3.0,4.0,3.0,19.0,63.33,1.0,3.0,1.0,4.0,4.0,4,4.0,3.0,24.0,60.0
116713,mid,F,disloyal,37,business,eco plus,325,0,0,0,same,neutral or dissatisfied,False,1.0,3.0,1.0,1.0,1.0,1.0,8.0,26.67,3.0,4.0,2.0,,,3,3.0,,15.0,37.5
22651,mid,F,disloyal,38,business,eco plus,223,0,18,-18,worsened,neutral or dissatisfied,False,5.0,3.0,5.0,5.0,1.0,5.0,24.0,80.0,4.0,2.0,4.0,1.0,1.0,3,3.0,1.0,19.0,47.5
47121,mid,F,disloyal,19,business,eco plus,784,0,4,-4,worsened,neutral or dissatisfied,False,4.0,1.0,4.0,4.0,2.0,4.0,19.0,63.33,4.0,4.0,2.0,2.0,2.0,3,4.0,2.0,23.0,57.5
31377,mid,F,disloyal,30,business,eco plus,977,0,0,0,same,satisfied,True,4.0,1.0,4.0,4.0,4.0,4.0,21.0,70.0,2.0,4.0,2.0,4.0,4.0,5,3.0,4.0,28.0,70.0
18106,mid,F,disloyal,36,business,eco plus,610,0,0,0,same,neutral or dissatisfied,False,1.0,1.0,1.0,1.0,1.0,1.0,6.0,20.0,3.0,4.0,4.0,1.0,1.0,3,1.0,1.0,18.0,45.0
22504,mid,F,disloyal,30,business,eco plus,83,0,0,0,same,neutral or dissatisfied,False,3.0,2.0,3.0,3.0,2.0,3.0,16.0,53.33,3.0,1.0,3.0,3.0,3.0,1,1.0,3.0,18.0,45.0
128189,mid,F,disloyal,18,business,eco plus,1849,0,0,0,same,satisfied,True,2.0,1.0,2.0,2.0,4.0,2.0,13.0,43.33,3.0,4.0,4.0,4.0,4.0,1,3.0,,23.0,57.5
34827,mid,F,disloyal,35,business,eco plus,301,0,0,0,same,neutral or dissatisfied,False,3.0,2.0,3.0,3.0,2.0,3.0,16.0,53.33,1.0,2.0,2.0,2.0,2.0,4,5.0,2.0,20.0,50.0
30505,mid,F,disloyal,30,business,eco plus,484,0,0,0,same,neutral or dissatisfied,False,1.0,5.0,1.0,1.0,2.0,1.0,11.0,36.67,2.0,3.0,2.0,2.0,2.0,1,5.0,2.0,19.0,47.5
86558,mid,F,disloyal,30,business,eco plus,760,28,11,17,recovered,neutral or dissatisfied,False,5.0,1.0,5.0,5.0,3.0,5.0,24.0,80.0,2.0,3.0,2.0,3.0,3.0,4,4.0,3.0,24.0,60.0
76729,mid,M,disloyal,38,business,eco plus,116,8,6,2,recovered,neutral or dissatisfied,False,3.0,3.0,3.0,3.0,2.0,3.0,17.0,56.67,2.0,3.0,2.0,2.0,2.0,4,4.0,2.0,21.0,52.5
42924,mid,F,disloyal,37,business,eco plus,628,0,0,0,same,neutral or dissatisfied,False,3.0,4.0,5.0,5.0,3.0,5.0,25.0,83.33,5.0,3.0,4.0,3.0,3.0,5,1.0,3.0,27.0,67.5
52457,mid,F,disloyal,27,business,eco plus,237,0,0,0,same,neutral or dissatisfied,False,5.0,3.0,5.0,5.0,4.0,5.0,27.0,90.0,2.0,5.0,1.0,4.0,4.0,2,2.0,4.0,24.0,60.0
54917,mid,F,disloyal,29,business,eco plus,862,0,0,0,same,neutral or dissatisfied,False,3.0,2.0,1.0,1.0,3.0,1.0,11.0,36.67,4.0,1.0,5.0,3.0,3.0,1,3.0,3.0,23.0,57.5
35903,mid,F,disloyal,23,business,eco plus,937,0,0,0,same,neutral or dissatisfied,False,1.0,1.0,1.0,1.0,1.0,1.0,6.0,20.0,2.0,4.0,4.0,1.0,1.0,4,3.0,2.0,21.0,52.5
25419,mid,F,disloyal,8,business,eco plus,990,5,0,5,recovered,neutral or dissatisfied,False,5.0,3.0,5.0,5.0,3.0,5.0,26.0,86.67,2.0,3.0,4.0,3.0,3.0,4,4.0,2.0,25.0,62.5
24066,mid,M,disloyal,27,business,eco plus,562,0,0,0,same,satisfied,True,3.0,3.0,5.0,5.0,,5.0,21.0,70.0,5.0,1.0,3.0,,,4,1.0,,14.0,35.0
12652,mid,M,disloyal,45,business,eco plus,844,4,0,4,recovered,neutral or dissatisfied,False,2.0,4.0,2.0,2.0,3.0,2.0,15.0,50.0,1.0,1.0,2.0,3.0,3.0,4,3.0,3.0,20.0,50.0
53534,mid,M,disloyal,29,business,eco plus,2358,7,0,7,recovered,neutral or dissatisfied,False,4.0,5.0,4.0,4.0,3.0,4.0,24.0,80.0,3.0,4.0,4.0,3.0,3.0,3,3.0,3.0,26.0,65.0
14727,mid,F,disloyal,36,business,eco plus,419,12,14,-2,worsened,neutral or dissatisfied,False,1.0,4.0,1.0,1.0,2.0,1.0,10.0,33.33,1.0,4.0,4.0,3.0,3.0,4,4.0,3.0,26.0,65.0
12769,mid,M,disloyal,20,business,eco plus,721,0,12,-12,worsened,neutral or dissatisfied,False,4.0,2.0,4.0,4.0,2.0,4.0,20.0,66.67,5.0,1.0,5.0,2.0,2.0,2,1.0,4.0,22.0,55.0
42413,mid,F,disloyal,26,business,eco plus,550,0,0,0,same,satisfied,True,2.0,1.0,2.0,2.0,,2.0,9.0,30.0,3.0,4.0,2.0,,,4,5.0,,18.0,45.0
104067,mid,F,disloyal,25,business,eco plus,1262,0,0,0,same,neutral or dissatisfied,False,5.0,5.0,5.0,5.0,3.0,5.0,28.0,93.33,4.0,1.0,1.0,3.0,3.0,5,3.0,,20.0,50.0
63098,mid,M,disloyal,30,business,eco plus,967,1,0,1,recovered,neutral or dissatisfied,False,3.0,2.0,3.0,3.0,4.0,3.0,18.0,60.0,2.0,4.0,4.0,4.0,4.0,3,4.0,4.0,29.0,72.5
110064,mid,F,disloyal,25,business,eco plus,2039,0,6,-6,worsened,neutral or dissatisfied,False,1.0,5.0,1.0,1.0,2.0,1.0,11.0,36.67,1.0,3.0,4.0,2.0,2.0,2,4.0,3.0,21.0,52.5
24512,mid,F,disloyal,24,business,eco plus,547,0,0,0,same,neutral or dissatisfied,False,1.0,4.0,1.0,1.0,2.0,1.0,10.0,33.33,1.0,4.0,1.0,1.0,1.0,1,2.0,,11.0,27.5
60299,mid,F,disloyal,54,business,eco plus,383,0,7,-7,worsened,neutral or dissatisfied,False,5.0,4.0,3.0,3.0,2.0,3.0,20.0,66.67,3.0,1.0,4.0,2.0,3.0,2,1.0,3.0,19.0,47.5
128993,mid,F,disloyal,36,business,eco plus,236,0,0,0,same,neutral or dissatisfied,False,2.0,1.0,2.0,2.0,3.0,2.0,12.0,40.0,1.0,3.0,3.0,3.0,3.0,4,3.0,3.0,23.0,57.5
117307,mid,M,disloyal,16,business,eco plus,304,0,0,0,same,neutral or dissatisfied,False,1.0,5.0,1.0,1.0,3.0,1.0,12.0,40.0,3.0,3.0,3.0,3.0,3.0,4,3.0,2.0,24.0,60.0
29150,mid,M,disloyal,26,business,eco plus,679,0,0,0,same,neutral or dissatisfied,False,4.0,2.0,4.0,4.0,3.0,4.0,21.0,70.0,2.0,5.0,1.0,4.0,4.0,4,1.0,4.0,25.0,62.5
37788,mid,M,disloyal,30,business,eco plus,989,0,9,-9,worsened,neutral or dissatisfied,False,3.0,1.0,4.0,4.0,4.0,4.0,20.0,66.67,3.0,4.0,2.0,4.0,4.0,4,4.0,4.0,29.0,72.5
123728,mid,F,disloyal,26,business,eco plus,214,0,0,0,same,neutral or dissatisfied,False,2.0,1.0,2.0,2.0,1.0,2.0,10.0,33.33,5.0,3.0,1.0,1.0,1.0,1,1.0,4.0,17.0,42.5
45074,mid,F,disloyal,36,business,eco plus,342,0,5,-5,worsened,neutral or dissatisfied,False,4.0,3.0,3.0,3.0,3.0,3.0,19.0,63.33,4.0,4.0,5.0,3.0,3.0,5,3.0,3.0,30.0,75.0
91840,mid,M,disloyal,34,business,eco plus,588,0,0,0,same,neutral or dissatisfied,False,5.0,1.0,5.0,5.0,3.0,5.0,24.0,80.0,5.0,5.0,3.0,3.0,3.0,5,3.0,3.0,30.0,75.0
17599,mid,F,disloyal,48,business,eco plus,695,34,26,8,recovered,neutral or dissatisfied,False,1.0,5.0,1.0,1.0,3.0,1.0,12.0,40.0,1.0,2.0,1.0,3.0,3.0,4,4.0,3.0,21.0,52.5
29155,mid,F,disloyal,20,business,eco plus,1050,0,5,-5,worsened,neutral or dissatisfied,False,4.0,5.0,4.0,4.0,4.0,4.0,25.0,83.33,1.0,4.0,4.0,4.0,4.0,3,3.0,4.0,27.0,67.5
39336,mid,F,disloyal,17,business,eco plus,160,0,5,-5,worsened,neutral or dissatisfied,False,5.0,1.0,4.0,4.0,3.0,4.0,21.0,70.0,1.0,4.0,2.0,3.0,3.0,4,3.0,4.0,24.0,60.0
35937,mid,F,disloyal,25,business,eco plus,2381,2,10,-8,worsened,neutral or dissatisfied,False,5.0,1.0,5.0,5.0,4.0,5.0,25.0,83.33,5.0,1.0,5.0,4.0,4.0,3,1.0,,23.0,57.5
113812,mid,M,disloyal,37,business,eco plus,197,0,0,0,same,neutral or dissatisfied,False,1.0,4.0,1.0,1.0,1.0,1.0,9.0,30.0,2.0,3.0,3.0,1.0,1.0,3,4.0,1.0,18.0,45.0
122892,mid,F,disloyal,27,business,eco plus,226,0,0,0,same,satisfied,True,1.0,1.0,1.0,1.0,,1.0,5.0,16.67,3.0,3.0,5.0,,,1,3.0,,15.0,37.5
41941,mid,F,disloyal,27,business,eco plus,129,0,6,-6,worsened,neutral or dissatisfied,False,1.0,3.0,1.0,1.0,1.0,1.0,8.0,26.67,3.0,2.0,2.0,1.0,1.0,4,2.0,1.0,16.0,40.0
100078,mid,F,disloyal,37,business,eco plus,220,0,1,-1,worsened,neutral or dissatisfied,False,3.0,3.0,3.0,3.0,3.0,3.0,18.0,60.0,2.0,3.0,4.0,3.0,3.0,3,4.0,3.0,25.0,62.5
95507,mid,F,disloyal,16,business,eco plus,277,19,16,3,recovered,neutral or dissatisfied,False,2.0,2.0,2.0,2.0,2.0,2.0,12.0,40.0,1.0,4.0,1.0,2.0,2.0,3,4.0,2.0,19.0,47.5
96744,mid,F,disloyal,49,business,eco plus,696,22,18,4,recovered,neutral or dissatisfied,False,1.0,3.0,2.0,2.0,3.0,2.0,13.0,43.33,1.0,3.0,2.0,3.0,3.0,3,4.0,3.0,22.0,55.0
38206,mid,F,disloyal,35,business,eco plus,1237,0,0,0,same,neutral or dissatisfied,False,2.0,2.0,2.0,2.0,3.0,2.0,13.0,43.33,3.0,3.0,5.0,3.0,3.0,2,4.0,3.0,26.0,65.0
128995,mid,M,disloyal,27,business,eco plus,414,0,0,0,same,neutral or dissatisfied,False,2.0,2.0,2.0,2.0,2.0,2.0,12.0,40.0,1.0,1.0,3.0,3.0,3.0,3,5.0,3.0,22.0,55.0
60040,mid,F,disloyal,25,business,eco plus,997,5,2,3,recovered,neutral or dissatisfied,False,5.0,2.0,5.0,5.0,4.0,5.0,26.0,86.67,2.0,3.0,4.0,4.0,4.0,3,4.0,4.0,28.0,70.0
112033,mid,F,disloyal,44,business,eco plus,680,0,5,-5,worsened,neutral or dissatisfied,False,3.0,3.0,4.0,4.0,2.0,4.0,20.0,66.67,3.0,2.0,2.0,2.0,2.0,3,3.0,2.0,19.0,47.5
106780,mid,F,disloyal,12,business,eco plus,837,5,0,5,recovered,neutral or dissatisfied,False,2.0,1.0,5.0,5.0,2.0,5.0,20.0,66.67,2.0,3.0,3.0,2.0,2.0,4,4.0,2.0,22.0,55.0
88860,mid,M,disloyal,34,business,eco plus,406,0,0,0,same,neutral or dissatisfied,False,5.0,5.0,4.0,4.0,1.0,4.0,23.0,76.67,4.0,2.0,1.0,1.0,1.0,3,3.0,1.0,16.0,40.0
60188,mid,F,disloyal,23,business,eco plus,1182,0,7,-7,worsened,neutral or dissatisfied,False,5.0,2.0,5.0,5.0,3.0,5.0,25.0,83.33,1.0,3.0,1.0,3.0,3.0,4,3.0,2.0,20.0,50.0
14514,mid,F,disloyal,21,business,eco plus,328,28,18,10,recovered,neutral or dissatisfied,False,5.0,3.0,5.0,5.0,3.0,5.0,26.0,86.67,3.0,4.0,3.0,3.0,3.0,3,4.0,4.0,27.0,67.5
83727,mid,F,disloyal,23,business,eco plus,269,0,11,-11,worsened,neutral or dissatisfied,False,3.0,4.0,3.0,3.0,2.0,3.0,18.0,60.0,1.0,3.0,1.0,2.0,2.0,3,4.0,4.0,20.0,50.0
35571,mid,F,disloyal,25,business,eco plus,1069,0,0,0,same,neutral or dissatisfied,False,3.0,3.0,3.0,3.0,3.0,3.0,18.0,60.0,5.0,4.0,4.0,3.0,3.0,2,5.0,,26.0,65.0
15637,mid,F,disloyal,25,business,eco plus,229,0,0,0,same,satisfied,True,4.0,3.0,4.0,4.0,,4.0,19.0,63.33,5.0,2.0,4.0,,,4,1.0,,16.0,40.0
109986,mid,F,disloyal,43,business,eco plus,1011,0,0,0,same,neutral or dissatisfied,False,3.0,1.0,3.0,3.0,4.0,3.0,17.0,56.67,2.0,3.0,4.0,4.0,4.0,3,4.0,4.0,28.0,70.0
95469,mid,F,disloyal,38,business,eco plus,319,0,0,0,same,neutral or dissatisfied,False,4.0,2.0,4.0,4.0,4.0,4.0,22.0,73.33,3.0,3.0,1.0,4.0,4.0,3,4.0,4.0,26.0,65.0
108394,mid,M,disloyal,50,business,eco plus,1844,11,18,-7,worsened,neutral or dissatisfied,False,4.0,5.0,4.0,4.0,1.0,4.0,22.0,73.33,3.0,4.0,3.0,1.0,1.0,4,4.0,1.0,21.0,52.5
33245,mid,F,disloyal,39,business,eco plus,201,0,0,0,same,neutral or dissatisfied,False,4.0,2.0,4.0,4.0,3.0,4.0,21.0,70.0,2.0,5.0,2.0,3.0,3.0,2,1.0,3.0,21.0,52.5
95496,mid,F,disloyal,27,business,eco plus,562,1,0,1,recovered,neutral or dissatisfied,False,1.0,3.0,1.0,1.0,2.0,1.0,9.0,30.0,2.0,3.0,3.0,2.0,2.0,4,3.0,2.0,21.0,52.5
1378,mid,F,disloyal,36,business,eco plus,134,0,13,-13,worsened,neutral or dissatisfied,False,2.0,2.0,2.0,2.0,3.0,2.0,13.0,43.33,2.0,4.0,4.0,3.0,3.0,3,4.0,3.0,26.0,65.0
53923,mid,F,disloyal,38,business,eco plus,140,0,0,0,same,neutral or dissatisfied,False,4.0,1.0,4.0,4.0,2.0,4.0,19.0,63.33,1.0,4.0,3.0,2.0,2.0,5,1.0,2.0,20.0,50.0
118828,mid,F,disloyal,36,business,eco plus,325,8,0,8,recovered,neutral or dissatisfied,False,5.0,1.0,4.0,4.0,3.0,4.0,21.0,70.0,2.0,4.0,2.0,4.0,4.0,3,3.0,4.0,26.0,65.0
29176,mid,F,disloyal,29,business,eco plus,1050,0,0,0,same,neutral or dissatisfied,False,4.0,1.0,4.0,4.0,1.0,4.0,18.0,60.0,5.0,4.0,2.0,1.0,1.0,5,3.0,1.0,22.0,55.0
58535,mid,F,disloyal,32,business,eco plus,719,3,8,-5,worsened,neutral or dissatisfied,False,2.0,3.0,2.0,2.0,3.0,2.0,14.0,46.67,2.0,3.0,2.0,2.0,2.0,3,4.0,2.0,20.0,50.0
88794,mid,F,disloyal,38,business,eco plus,270,0,0,0,same,neutral or dissatisfied,False,4.0,5.0,2.0,2.0,3.0,2.0,18.0,60.0,1.0,3.0,1.0,3.0,3.0,4,3.0,3.0,21.0,52.5
116683,mid,F,disloyal,30,business,eco plus,372,0,0,0,same,neutral or dissatisfied,False,5.0,5.0,5.0,5.0,2.0,5.0,27.0,90.0,2.0,4.0,2.0,2.0,2.0,4,3.0,2.0,21.0,52.5
87140,mid,M,disloyal,8,business,eco plus,594,0,0,0,same,neutral or dissatisfied,False,4.0,3.0,4.0,4.0,3.0,4.0,22.0,73.33,2.0,4.0,3.0,3.0,3.0,4,4.0,1.0,24.0,60.0
121330,mid,M,disloyal,22,business,eco plus,1009,0,0,0,same,neutral or dissatisfied,False,2.0,2.0,2.0,2.0,2.0,2.0,12.0,40.0,1.0,3.0,1.0,2.0,2.0,2,3.0,1.0,15.0,37.5
80642,mid,F,disloyal,27,business,eco plus,282,0,0,0,same,neutral or dissatisfied,False,3.0,5.0,3.0,3.0,2.0,3.0,19.0,63.33,4.0,3.0,4.0,2.0,2.0,3,4.0,2.0,24.0,60.0
35938,mid,F,disloyal,24,business,eco plus,881,2,0,2,recovered,neutral or dissatisfied,False,5.0,1.0,5.0,5.0,1.0,5.0,22.0,73.33,3.0,2.0,2.0,1.0,1.0,3,3.0,4.0,19.0,47.5
16039,mid,F,disloyal,47,business,eco plus,780,3,4,-1,worsened,neutral or dissatisfied,False,4.0,2.0,4.0,4.0,2.0,4.0,20.0,66.67,4.0,3.0,5.0,2.0,2.0,2,3.0,2.0,23.0,57.5
106202,mid,F,disloyal,71,business,eco plus,436,0,0,0,same,neutral or dissatisfied,False,2.0,2.0,2.0,2.0,4.0,2.0,14.0,46.67,4.0,3.0,3.0,4.0,4.0,3,4.0,4.0,29.0,72.5
107887,mid,F,disloyal,42,business,eco plus,228,0,0,0,same,neutral or dissatisfied,False,5.0,2.0,5.0,5.0,1.0,5.0,23.0,76.67,2.0,3.0,1.0,1.0,1.0,3,3.0,1.0,15.0,37.5
60987,mid,F,disloyal,39,business,eco plus,488,9,11,-2,worsened,neutral or dissatisfied,False,2.0,2.0,2.0,2.0,1.0,2.0,11.0,36.67,1.0,4.0,4.0,1.0,1.0,3,3.0,1.0,18.0,45.0
23642,mid,M,disloyal,45,business,eco plus,793,17,1,16,recovered,neutral or dissatisfied,False,5.0,2.0,5.0,5.0,3.0,5.0,25.0,83.33,4.0,1.0,4.0,3.0,3.0,1,2.0,3.0,21.0,52.5
95515,mid,M,disloyal,15,business,eco plus,441,0,0,0,same,neutral or dissatisfied,False,4.0,2.0,4.0,4.0,3.0,4.0,21.0,70.0,2.0,4.0,2.0,4.0,4.0,4,4.0,3.0,27.0,67.5
96311,mid,F,disloyal,66,business,eco plus,460,0,0,0,same,neutral or dissatisfied,False,2.0,5.0,2.0,2.0,2.0,2.0,15.0,50.0,3.0,3.0,1.0,2.0,2.0,3,3.0,2.0,19.0,47.5
25342,mid,M,disloyal,28,business,eco plus,829,0,8,-8,worsened,neutral or dissatisfied,False,1.0,4.0,1.0,1.0,2.0,1.0,10.0,33.33,1.0,3.0,1.0,2.0,2.0,2,2.0,2.0,15.0,37.5
116689,mid,F,disloyal,36,business,eco plus,337,15,24,-9,worsened,neutral or dissatisfied,False,4.0,5.0,4.0,4.0,1.0,4.0,22.0,73.33,2.0,4.0,2.0,2.0,2.0,4,3.0,2.0,21.0,52.5
23563,mid,F,disloyal,20,business,eco plus,637,3,5,-2,worsened,neutral or dissatisfied,False,2.0,1.0,2.0,2.0,3.0,2.0,12.0,40.0,4.0,4.0,1.0,3.0,3.0,1,3.0,,19.0,47.5
97215,mid,F,disloyal,31,business,eco plus,1497,11,11,0,same,neutral or dissatisfied,False,1.0,4.0,1.0,1.0,3.0,1.0,11.0,36.67,2.0,3.0,3.0,2.0,2.0,4,3.0,2.0,21.0,52.5
52714,mid,F,disloyal,37,business,eco plus,1162,9,13,-4,worsened,neutral or dissatisfied,False,5.0,4.0,2.0,2.0,1.0,2.0,16.0,53.33,4.0,5.0,4.0,1.0,1.0,5,3.0,1.0,24.0,60.0
123722,mid,F,disloyal,37,business,eco plus,214,0,0,0,same,neutral or dissatisfied,False,5.0,3.0,5.0,5.0,4.0,5.0,27.0,90.0,2.0,4.0,2.0,4.0,4.0,4,3.0,4.0,27.0,67.5
17894,mid,F,disloyal,46,business,eco plus,371,0,0,0,same,satisfied,True,2.0,2.0,2.0,2.0,4.0,2.0,14.0,46.67,3.0,1.0,3.0,4.0,4.0,3,3.0,4.0,25.0,62.5
46312,mid,F,disloyal,38,business,eco plus,1069,0,0,0,same,neutral or dissatisfied,False,1.0,3.0,1.0,1.0,2.0,1.0,9.0,30.0,1.0,1.0,5.0,2.0,2.0,1,3.0,2.0,17.0,42.5
48268,mid,F,disloyal,45,business,eco plus,414,0,0,0,same,satisfied,True,1.0,5.0,1.0,1.0,3.0,1.0,12.0,40.0,4.0,5.0,4.0,3.0,3.0,5,2.0,3.0,29.0,72.5
58608,mid,F,disloyal,47,business,eco plus,334,12,18,-6,worsened,satisfied,True,5.0,2.0,5.0,5.0,4.0,5.0,26.0,86.67,3.0,3.0,3.0,4.0,5.0,5,3.0,5.0,31.0,77.5
33310,mid,F,disloyal,25,business,eco plus,101,0,1,-1,worsened,neutral or dissatisfied,False,3.0,2.0,3.0,3.0,1.0,3.0,15.0,50.0,1.0,4.0,3.0,1.0,1.0,5,3.0,,18.0,45.0
42131,mid,F,disloyal,30,business,eco plus,991,13,12,1,recovered,neutral or dissatisfied,False,2.0,2.0,4.0,4.0,1.0,4.0,17.0,56.67,4.0,4.0,3.0,1.0,1.0,3,3.0,1.0,20.0,50.0
2341,mid,F,disloyal,30,business,eco plus,672,0,0,0,same,neutral or dissatisfied,False,4.0,3.0,4.0,4.0,4.0,4.0,23.0,76.67,2.0,3.0,3.0,3.0,3.0,4,4.0,3.0,25.0,62.5
106238,mid,F,disloyal,20,business,eco plus,471,36,28,8,recovered,neutral or dissatisfied,False,4.0,3.0,4.0,4.0,3.0,4.0,22.0,73.33,1.0,4.0,4.0,3.0,3.0,3,3.0,4.0,25.0,62.5
69103,mid,F,disloyal,41,business,eco plus,1389,0,11,-11,worsened,neutral or dissatisfied,False,4.0,1.0,4.0,4.0,3.0,4.0,20.0,66.67,3.0,3.0,3.0,3.0,3.0,3,3.0,3.0,24.0,60.0
12956,mid,F,disloyal,38,business,eco plus,456,28,22,6,recovered,neutral or dissatisfied,False,3.0,1.0,3.0,3.0,4.0,3.0,17.0,56.67,5.0,1.0,3.0,4.0,4.0,5,4.0,4.0,30.0,75.0
84125,mid,F,disloyal,36,business,eco plus,1900,4,27,-23,worsened,neutral or dissatisfied,False,2.0,5.0,2.0,2.0,3.0,2.0,16.0,53.33,4.0,4.0,2.0,3.0,3.0,3,4.0,3.0,26.0,65.0
101030,mid,F,disloyal,26,business,eco plus,867,1,0,1,recovered,neutral or dissatisfied,False,4.0,3.0,4.0,4.0,2.0,4.0,21.0,70.0,3.0,3.0,4.0,2.0,2.0,4,4.0,2.0,24.0,60.0
27640,mid,F,disloyal,37,business,eco plus,554,0,6,-6,worsened,neutral or dissatisfied,False,3.0,5.0,3.0,3.0,1.0,3.0,18.0,60.0,1.0,4.0,3.0,1.0,1.0,4,4.0,1.0,19.0,47.5
38405,mid,F,disloyal,38,business,eco plus,1754,0,0,0,same,neutral or dissatisfied,False,2.0,2.0,2.0,2.0,2.0,2.0,12.0,40.0,3.0,4.0,2.0,1.0,1.0,3,4.0,1.0,19.0,47.5
55743,mid,F,disloyal,27,business,eco plus,2052,3,23,-20,worsened,neutral or dissatisfied,False,4.0,5.0,4.0,4.0,1.0,4.0,22.0,73.33,3.0,2.0,1.0,1.0,1.0,2,3.0,1.0,14.0,35.0
112974,mid,M,disloyal,27,business,eco plus,715,7,0,7,recovered,neutral or dissatisfied,False,3.0,1.0,3.0,3.0,3.0,3.0,16.0,53.33,1.0,4.0,3.0,2.0,2.0,4,4.0,2.0,22.0,55.0
98095,mid,M,disloyal,17,business,eco plus,928,7,14,-7,worsened,neutral or dissatisfied,False,2.0,5.0,2.0,2.0,3.0,2.0,16.0,53.33,4.0,3.0,3.0,3.0,3.0,3,4.0,2.0,25.0,62.5
54762,mid,M,disloyal,26,business,eco plus,787,0,0,0,same,neutral or dissatisfied,False,5.0,5.0,3.0,3.0,3.0,3.0,22.0,73.33,3.0,4.0,2.0,3.0,3.0,4,3.0,3.0,25.0,62.5
82120,mid,F,disloyal,50,business,eco plus,876,0,10,-10,worsened,neutral or dissatisfied,False,5.0,4.0,5.0,5.0,1.0,5.0,25.0,83.33,4.0,3.0,3.0,1.0,1.0,4,3.0,1.0,20.0,50.0
51210,mid,F,disloyal,33,business,eco plus,77,0,0,0,same,neutral or dissatisfied,False,5.0,4.0,5.0,5.0,3.0,5.0,27.0,90.0,2.0,2.0,2.0,3.0,3.0,3,5.0,3.0,23.0,57.5
7309,mid,M,disloyal,18,business,eco plus,130,0,0,0,same,neutral or dissatisfied,False,1.0,5.0,1.0,1.0,1.0,1.0,10.0,33.33,1.0,3.0,3.0,1.0,1.0,4,3.0,4.0,20.0,50.0
52459,mid,F,disloyal,34,business,eco plus,370,12,1,11,recovered,neutral or dissatisfied,False,5.0,2.0,5.0,5.0,4.0,5.0,26.0,86.67,1.0,2.0,5.0,4.0,4.0,5,3.0,4.0,28.0,70.0
65437,mid,F,disloyal,14,business,eco plus,2165,0,0,0,same,neutral or dissatisfied,False,5.0,2.0,5.0,5.0,3.0,5.0,25.0,83.33,4.0,3.0,3.0,3.0,3.0,2,4.0,2.0,24.0,60.0
39902,mid,F,disloyal,44,business,eco plus,272,4,3,1,recovered,neutral or dissatisfied,False,3.0,1.0,3.0,3.0,1.0,3.0,14.0,46.67,5.0,1.0,2.0,1.0,,4,2.0,,15.0,37.5
42417,mid,F,disloyal,37,business,eco plus,462,0,0,0,same,neutral or dissatisfied,False,3.0,5.0,3.0,3.0,4.0,3.0,21.0,70.0,5.0,2.0,4.0,4.0,4.0,1,2.0,4.0,26.0,65.0
2629,mid,F,disloyal,25,business,eco plus,227,0,0,0,same,neutral or dissatisfied,False,2.0,5.0,1.0,1.0,1.0,1.0,11.0,36.67,2.0,4.0,4.0,2.0,2.0,3,3.0,4.0,24.0,60.0
45506,mid,M,disloyal,43,business,eco plus,122,0,0,0,same,neutral or dissatisfied,False,3.0,2.0,3.0,3.0,4.0,3.0,18.0,60.0,2.0,3.0,2.0,4.0,3.0,3,4.0,3.0,24.0,60.0
25903,mid,F,disloyal,22,business,eco plus,907,1,7,-6,worsened,satisfied,True,5.0,2.0,5.0,5.0,5.0,5.0,27.0,90.0,2.0,1.0,4.0,5.0,5.0,3,3.0,,23.0,57.5
73264,mid,F,disloyal,30,business,eco plus,675,24,22,2,recovered,neutral or dissatisfied,False,4.0,1.0,4.0,4.0,1.0,4.0,18.0,60.0,1.0,4.0,2.0,1.0,1.0,3,4.0,1.0,17.0,42.5
41166,mid,M,disloyal,44,business,eco plus,140,36,25,11,recovered,neutral or dissatisfied,False,5.0,5.0,5.0,5.0,4.0,5.0,29.0,96.67,1.0,1.0,4.0,4.0,4.0,3,4.0,4.0,25.0,62.5
22519,mid,M,disloyal,22,business,eco plus,143,0,0,0,same,neutral or dissatisfied,False,3.0,2.0,3.0,3.0,4.0,3.0,18.0,60.0,4.0,4.0,3.0,3.0,3.0,3,4.0,1.0,25.0,62.5
29729,mid,M,disloyal,63,business,eco plus,1297,0,19,-19,worsened,satisfied,True,2.0,4.0,4.0,1.0,4.0,2.0,17.0,56.67,1.0,4.0,2.0,2.0,4.0,4,2.0,4.0,23.0,57.5
1637,mid,F,disloyal,35,business,eco plus,999,0,0,0,same,neutral or dissatisfied,False,1.0,4.0,3.0,3.0,3.0,3.0,17.0,56.67,1.0,3.0,2.0,3.0,3.0,4,3.0,3.0,22.0,55.0
1377,mid,M,disloyal,38,business,eco plus,247,0,0,0,same,neutral or dissatisfied,False,3.0,5.0,3.0,3.0,4.0,3.0,21.0,70.0,3.0,3.0,1.0,4.0,4.0,3,2.0,4.0,24.0,60.0
51301,mid,F,disloyal,38,business,eco plus,86,0,0,0,same,satisfied,True,2.0,2.0,2.0,2.0,4.0,2.0,14.0,46.67,5.0,4.0,2.0,4.0,4.0,3,2.0,4.0,28.0,70.0
59260,mid,F,disloyal,12,business,eco plus,3904,12,0,12,recovered,neutral or dissatisfied,False,4.0,3.0,3.0,1.0,3.0,4.0,18.0,60.0,4.0,2.0,4.0,4.0,3.0,4,3.0,2.0,26.0,65.0
125243,mid,F,disloyal,22,business,eco plus,1149,0,6,-6,worsened,neutral or dissatisfied,False,4.0,2.0,4.0,4.0,1.0,4.0,19.0,63.33,2.0,3.0,2.0,,,2,2.0,1.0,12.0,30.0
78247,mid,F,disloyal,61,business,eco plus,259,0,0,0,same,neutral or dissatisfied,False,5.0,1.0,5.0,5.0,3.0,5.0,24.0,80.0,2.0,3.0,2.0,3.0,3.0,4,4.0,3.0,24.0,60.0
51192,mid,F,disloyal,26,business,eco plus,337,0,8,-8,worsened,neutral or dissatisfied,False,3.0,4.0,3.0,3.0,3.0,3.0,19.0,63.33,5.0,2.0,1.0,3.0,3.0,5,2.0,3.0,24.0,60.0
27189,mid,F,disloyal,38,business,eco plus,2640,2,7,-5,worsened,neutral or dissatisfied,False,5.0,3.0,2.0,4.0,1.0,5.0,20.0,66.67,5.0,2.0,5.0,5.0,2.0,3,5.0,2.0,29.0,72.5
106318,mid,M,disloyal,36,business,eco plus,598,2,0,2,recovered,neutral or dissatisfied,False,3.0,5.0,3.0,3.0,3.0,3.0,20.0,66.67,3.0,3.0,3.0,3.0,3.0,4,3.0,3.0,25.0,62.5
37770,mid,F,disloyal,22,business,eco plus,944,0,0,0,same,neutral or dissatisfied,False,1.0,4.0,3.0,3.0,3.0,3.0,17.0,56.67,3.0,3.0,1.0,3.0,3.0,4,4.0,2.0,23.0,57.5
52902,mid,F,disloyal,34,business,eco plus,1024,0,0,0,same,neutral or dissatisfied,False,4.0,5.0,4.0,4.0,2.0,4.0,23.0,76.67,4.0,3.0,3.0,2.0,2.0,4,3.0,2.0,23.0,57.5
70910,mid,F,disloyal,26,business,eco plus,1721,13,9,4,recovered,neutral or dissatisfied,False,5.0,2.0,5.0,5.0,3.0,5.0,25.0,83.33,2.0,3.0,2.0,3.0,3.0,3,3.0,2.0,21.0,52.5
26414,mid,M,disloyal,36,business,eco plus,849,0,0,0,same,neutral or dissatisfied,False,1.0,5.0,2.0,2.0,2.0,2.0,14.0,46.67,2.0,3.0,5.0,2.0,2.0,5,3.0,2.0,24.0,60.0
45379,mid,M,disloyal,38,business,eco plus,290,0,0,0,same,neutral or dissatisfied,False,3.0,3.0,5.0,5.0,1.0,5.0,22.0,73.33,2.0,3.0,3.0,1.0,1.0,2,4.0,1.0,17.0,42.5
109754,mid,F,disloyal,28,business,eco plus,680,0,0,0,same,neutral or dissatisfied,False,5.0,3.0,5.0,5.0,1.0,5.0,24.0,80.0,4.0,3.0,3.0,1.0,1.0,2,3.0,1.0,18.0,45.0
124478,mid,F,disloyal,9,business,eco plus,980,0,0,0,same,neutral or dissatisfied,False,1.0,2.0,1.0,1.0,4.0,1.0,10.0,33.33,1.0,3.0,3.0,4.0,4.0,3,3.0,,21.0,52.5
107454,mid,F,disloyal,79,business,eco plus,325,4,0,4,recovered,neutral or dissatisfied,False,5.0,4.0,5.0,4.0,4.0,1.0,23.0,76.67,4.0,4.0,1.0,3.0,4.0,4,2.0,4.0,26.0,65.0
57031,mid,M,disloyal,27,business,eco plus,2454,5,0,5,recovered,neutral or dissatisfied,False,2.0,1.0,2.0,2.0,2.0,2.0,11.0,36.67,4.0,4.0,2.0,2.0,2.0,2,4.0,2.0,22.0,55.0
27877,mid,F,disloyal,38,business,eco plus,1133,2,0,2,recovered,neutral or dissatisfied,False,4.0,3.0,4.0,4.0,3.0,4.0,22.0,73.33,3.0,4.0,3.0,3.0,3.0,4,4.0,3.0,27.0,67.5
89472,mid,M,disloyal,27,business,eco plus,151,0,0,0,same,neutral or dissatisfied,False,5.0,2.0,5.0,5.0,3.0,5.0,25.0,83.33,1.0,3.0,2.0,4.0,4.0,3,4.0,4.0,25.0,62.5
105851,mid,M,disloyal,18,business,eco plus,883,9,0,9,recovered,neutral or dissatisfied,False,5.0,5.0,5.0,5.0,3.0,5.0,28.0,93.33,1.0,4.0,1.0,3.0,3.0,3,3.0,2.0,20.0,50.0
61112,mid,F,disloyal,38,business,eco plus,209,0,0,0,same,neutral or dissatisfied,False,4.0,4.0,4.0,4.0,4.0,4.0,24.0,80.0,5.0,3.0,5.0,4.0,4.0,2,3.0,4.0,30.0,75.0
116714,mid,F,disloyal,23,business,eco plus,325,9,6,3,recovered,neutral or dissatisfied,False,4.0,4.0,4.0,4.0,3.0,4.0,23.0,76.67,1.0,5.0,4.0,3.0,3.0,1,2.0,3.0,22.0,55.0
106460,mid,F,disloyal,15,business,eco plus,1670,15,8,7,recovered,neutral or dissatisfied,False,1.0,2.0,2.0,2.0,2.0,2.0,11.0,36.67,4.0,3.0,2.0,2.0,2.0,4,4.0,2.0,23.0,57.5
22506,mid,F,disloyal,25,business,eco plus,238,0,15,-15,worsened,neutral or dissatisfied,False,4.0,4.0,4.0,4.0,2.0,4.0,22.0,73.33,1.0,3.0,4.0,2.0,2.0,3,3.0,,18.0,45.0
104550,mid,F,disloyal,19,business,eco plus,1047,22,14,8,recovered,neutral or dissatisfied,False,4.0,4.0,4.0,4.0,3.0,4.0,23.0,76.67,3.0,4.0,3.0,3.0,3.0,3,3.0,2.0,24.0,60.0
78073,mid,M,disloyal,26,business,eco plus,332,0,3,-3,worsened,neutral or dissatisfied,False,4.0,1.0,4.0,4.0,4.0,4.0,21.0,70.0,1.0,4.0,1.0,4.0,4.0,3,4.0,2.0,23.0,57.5
42075,mid,F,disloyal,50,business,eco plus,116,0,0,0,same,neutral or dissatisfied,False,1.0,3.0,1.0,1.0,3.0,1.0,10.0,33.33,1.0,5.0,2.0,3.0,4.0,5,4.0,4.0,28.0,70.0
39897,mid,F,disloyal,30,business,eco plus,132,23,29,-6,worsened,neutral or dissatisfied,False,2.0,1.0,1.0,1.0,2.0,1.0,8.0,26.67,1.0,3.0,2.0,2.0,2.0,3,4.0,2.0,19.0,47.5
33887,mid,F,disloyal,24,business,eco plus,994,8,6,2,recovered,satisfied,True,1.0,1.0,3.0,3.0,4.0,3.0,15.0,50.0,2.0,5.0,3.0,4.0,4.0,5,4.0,,27.0,67.5
31567,mid,M,disloyal,36,business,eco plus,453,13,11,2,recovered,neutral or dissatisfied,False,2.0,1.0,2.0,2.0,1.0,2.0,10.0,33.33,1.0,4.0,4.0,1.0,1.0,3,3.0,1.0,18.0,45.0
86877,mid,M,disloyal,28,business,eco plus,692,0,0,0,same,neutral or dissatisfied,False,1.0,1.0,1.0,1.0,4.0,1.0,9.0,30.0,1.0,4.0,3.0,5.0,5.0,4,3.0,5.0,30.0,75.0
124256,mid,M,disloyal,50,business,eco plus,1916,0,0,0,same,neutral or dissatisfied,False,2.0,5.0,1.0,1.0,3.0,1.0,13.0,43.33,4.0,2.0,1.0,3.0,2.0,1,3.0,2.0,18.0,45.0
80086,mid,F,disloyal,44,business,eco plus,550,0,0,0,same,neutral or dissatisfied,False,3.0,1.0,3.0,3.0,1.0,3.0,14.0,46.67,1.0,3.0,1.0,1.0,1.0,3,3.0,1.0,14.0,35.0
105555,mid,F,disloyal,26,business,eco plus,611,0,0,0,same,neutral or dissatisfied,False,5.0,2.0,5.0,5.0,3.0,5.0,25.0,83.33,1.0,4.0,3.0,3.0,3.0,3,3.0,2.0,22.0,55.0
13162,mid,F,disloyal,38,business,eco plus,595,14,6,8,recovered,neutral or dissatisfied,False,2.0,4.0,4.0,4.0,3.0,4.0,21.0,70.0,3.0,3.0,2.0,3.0,3.0,4,3.0,3.0,24.0,60.0
99008,mid,F,disloyal,27,business,eco plus,479,11,6,5,recovered,neutral or dissatisfied,False,3.0,5.0,3.0,3.0,2.0,3.0,19.0,63.33,3.0,3.0,4.0,2.0,2.0,3,4.0,2.0,23.0,57.5
44382,mid,F,disloyal,38,business,eco plus,229,0,5,-5,worsened,satisfied,True,5.0,3.0,5.0,5.0,4.0,5.0,27.0,90.0,2.0,4.0,4.0,3.0,3.0,4,2.0,3.0,25.0,62.5
27029,mid,F,disloyal,25,business,eco plus,954,0,0,0,same,neutral or dissatisfied,False,2.0,3.0,4.0,4.0,3.0,4.0,20.0,66.67,4.0,5.0,3.0,4.0,4.0,5,3.0,,28.0,70.0
52462,mid,M,disloyal,38,business,eco plus,370,0,2,-2,worsened,neutral or dissatisfied,False,2.0,5.0,2.0,2.0,3.0,2.0,16.0,53.33,3.0,1.0,4.0,3.0,3.0,2,4.0,3.0,23.0,57.5
127296,mid,M,disloyal,16,business,eco plus,1020,0,0,0,same,neutral or dissatisfied,False,2.0,2.0,2.0,2.0,4.0,2.0,14.0,46.67,3.0,1.0,1.0,4.0,4.0,4,3.0,,20.0,50.0
8310,mid,F,disloyal,36,business,eco plus,402,15,10,5,recovered,neutral or dissatisfied,False,1.0,1.0,1.0,1.0,3.0,1.0,8.0,26.67,4.0,3.0,4.0,3.0,3.0,2,3.0,3.0,25.0,62.5
56764,mid,F,disloyal,64,business,eco plus,937,0,3,-3,worsened,neutral or dissatisfied,False,4.0,5.0,4.0,4.0,1.0,4.0,22.0,73.33,3.0,3.0,3.0,1.0,1.0,4,3.0,1.0,19.0,47.5
20878,mid,M,disloyal,25,business,eco plus,534,0,0,0,same,satisfied,True,5.0,3.0,5.0,5.0,5.0,5.0,28.0,93.33,2.0,1.0,4.0,5.0,5.0,3,3.0,,23.0,57.5
73235,mid,F,disloyal,28,business,eco plus,946,0,8,-8,worsened,neutral or dissatisfied,False,2.0,5.0,5.0,5.0,1.0,5.0,23.0,76.67,2.0,3.0,4.0,1.0,1.0,3,3.0,1.0,18.0,45.0
43176,mid,F,disloyal,25,business,eco plus,781,2,0,2,recovered,neutral or dissatisfied,False,2.0,1.0,2.0,2.0,3.0,2.0,12.0,40.0,3.0,3.0,5.0,3.0,3.0,4,2.0,,23.0,57.5
19168,mid,M,disloyal,25,business,eco plus,304,0,24,-24,worsened,neutral or dissatisfied,False,1.0,3.0,1.0,1.0,2.0,1.0,9.0,30.0,1.0,3.0,4.0,2.0,2.0,2,3.0,2.0,19.0,47.5
55298,mid,F,disloyal,28,business,eco plus,1585,5,3,2,recovered,neutral or dissatisfied,False,5.0,5.0,2.0,2.0,1.0,2.0,17.0,56.67,1.0,3.0,1.0,1.0,1.0,4,3.0,1.0,15.0,37.5
38287,mid,F,disloyal,22,business,eco plus,1180,0,0,0,same,neutral or dissatisfied,False,1.0,2.0,1.0,1.0,3.0,1.0,9.0,30.0,2.0,4.0,1.0,3.0,3.0,3,4.0,4.0,24.0,60.0
40924,mid,F,disloyal,27,business,eco plus,501,0,0,0,same,neutral or dissatisfied,False,4.0,5.0,3.0,3.0,4.0,3.0,22.0,73.33,1.0,5.0,4.0,4.0,4.0,3,2.0,4.0,27.0,67.5
103969,mid,F,disloyal,45,business,eco plus,770,0,0,0,same,neutral or dissatisfied,False,5.0,4.0,5.0,5.0,1.0,5.0,25.0,83.33,1.0,3.0,2.0,1.0,1.0,3,4.0,1.0,16.0,40.0
37755,mid,F,disloyal,20,business,eco plus,1076,16,0,16,recovered,neutral or dissatisfied,False,5.0,4.0,5.0,5.0,3.0,5.0,27.0,90.0,3.0,1.0,4.0,3.0,3.0,4,3.0,,21.0,52.5
99880,mid,F,disloyal,29,business,eco plus,1436,0,0,0,same,neutral or dissatisfied,False,1.0,4.0,1.0,1.0,2.0,1.0,10.0,33.33,3.0,3.0,1.0,2.0,2.0,4,3.0,2.0,20.0,50.0
22517,mid,F,disloyal,38,business,eco plus,238,0,0,0,same,neutral or dissatisfied,False,4.0,2.0,4.0,4.0,4.0,4.0,22.0,73.33,4.0,4.0,2.0,4.0,4.0,1,1.0,4.0,24.0,60.0
59794,mid,F,disloyal,34,business,eco plus,927,0,0,0,same,neutral or dissatisfied,False,3.0,3.0,3.0,3.0,3.0,3.0,18.0,60.0,3.0,5.0,2.0,3.0,3.0,2,3.0,3.0,24.0,60.0
123944,mid,F,disloyal,51,business,eco plus,541,1,0,1,recovered,neutral or dissatisfied,False,4.0,5.0,4.0,4.0,3.0,4.0,24.0,80.0,3.0,2.0,4.0,3.0,2.0,2,1.0,2.0,19.0,47.5
29179,mid,F,disloyal,44,business,eco plus,697,0,3,-3,worsened,neutral or dissatisfied,False,4.0,3.0,4.0,4.0,2.0,4.0,21.0,70.0,2.0,4.0,1.0,2.0,2.0,4,4.0,2.0,21.0,52.5
112634,mid,F,disloyal,64,business,eco plus,602,0,0,0,same,neutral or dissatisfied,False,3.0,2.0,2.0,2.0,3.0,2.0,14.0,46.67,2.0,3.0,1.0,3.0,3.0,3,3.0,3.0,21.0,52.5
24436,mid,F,disloyal,25,business,eco plus,634,0,0,0,same,neutral or dissatisfied,False,5.0,1.0,5.0,5.0,1.0,5.0,22.0,73.33,2.0,3.0,5.0,1.0,1.0,2,4.0,3.0,21.0,52.5
21317,mid,F,disloyal,30,business,eco plus,620,14,12,2,recovered,satisfied,True,3.0,5.0,4.0,4.0,,4.0,20.0,66.67,2.0,3.0,4.0,,,1,3.0,,13.0,32.5
14356,mid,M,disloyal,26,business,eco plus,395,12,7,5,recovered,neutral or dissatisfied,False,4.0,5.0,4.0,4.0,2.0,4.0,23.0,76.67,2.0,4.0,4.0,2.0,2.0,3,3.0,4.0,24.0,60.0
69619,mid,F,disloyal,27,business,eco plus,2475,3,0,3,recovered,neutral or dissatisfied,False,1.0,2.0,2.0,3.0,2.0,1.0,11.0,36.67,4.0,5.0,1.0,1.0,2.0,1,3.0,2.0,19.0,47.5
58246,mid,M,disloyal,55,business,eco plus,525,4,0,4,recovered,neutral or dissatisfied,False,3.0,4.0,3.0,3.0,1.0,3.0,17.0,56.67,3.0,4.0,3.0,1.0,1.0,4,4.0,1.0,21.0,52.5
14473,mid,F,disloyal,26,business,eco plus,674,0,0,0,same,neutral or dissatisfied,False,4.0,3.0,4.0,4.0,3.0,4.0,22.0,73.33,3.0,1.0,3.0,4.0,4.0,1,2.0,5.0,23.0,57.5
30200,mid,F,disloyal,25,business,eco plus,95,0,0,0,same,neutral or dissatisfied,False,5.0,2.0,4.0,4.0,3.0,4.0,22.0,73.33,1.0,4.0,4.0,3.0,3.0,4,4.0,1.0,24.0,60.0
64462,mid,F,disloyal,37,business,eco plus,989,0,0,0,same,neutral or dissatisfied,False,2.0,5.0,5.0,5.0,2.0,5.0,24.0,80.0,4.0,3.0,2.0,2.0,2.0,3,3.0,2.0,21.0,52.5
93374,mid,M,disloyal,37,business,eco plus,1024,9,0,9,recovered,neutral or dissatisfied,False,5.0,4.0,5.0,5.0,2.0,5.0,26.0,86.67,3.0,4.0,3.0,2.0,2.0,4,3.0,2.0,23.0,57.5
42393,mid,F,disloyal,32,business,eco plus,748,9,8,1,recovered,neutral or dissatisfied,False,2.0,5.0,2.0,2.0,3.0,2.0,16.0,53.33,2.0,3.0,5.0,3.0,3.0,2,3.0,3.0,24.0,60.0
31225,mid,F,disloyal,25,business,eco plus,628,3,0,3,recovered,neutral or dissatisfied,False,1.0,4.0,1.0,1.0,2.0,1.0,10.0,33.33,1.0,3.0,1.0,2.0,2.0,4,3.0,2.0,18.0,45.0
51471,mid,F,disloyal,43,business,eco plus,89,0,0,0,same,neutral or dissatisfied,False,5.0,2.0,4.0,4.0,3.0,4.0,22.0,73.33,3.0,5.0,5.0,3.0,3.0,5,2.0,3.0,29.0,72.5
45383,mid,F,disloyal,37,business,eco plus,175,0,0,0,same,satisfied,True,3.0,2.0,4.0,4.0,5.0,4.0,22.0,73.33,1.0,4.0,2.0,5.0,5.0,1,1.0,5.0,24.0,60.0
20589,mid,M,disloyal,26,business,eco plus,533,0,0,0,same,neutral or dissatisfied,False,5.0,4.0,5.0,5.0,2.0,5.0,26.0,86.67,5.0,2.0,5.0,2.0,2.0,3,1.0,2.0,22.0,55.0
68725,mid,F,disloyal,29,business,eco plus,237,0,0,0,same,neutral or dissatisfied,False,5.0,2.0,5.0,5.0,3.0,5.0,25.0,83.33,1.0,4.0,1.0,3.0,3.0,3,4.0,3.0,22.0,55.0
33232,mid,F,disloyal,44,business,eco plus,101,0,0,0,same,neutral or dissatisfied,False,1.0,1.0,1.0,1.0,2.0,1.0,7.0,23.33,3.0,4.0,5.0,2.0,2.0,2,4.0,2.0,24.0,60.0
116641,mid,F,disloyal,27,business,eco plus,447,14,0,14,recovered,neutral or dissatisfied,False,4.0,1.0,4.0,4.0,2.0,4.0,19.0,63.33,2.0,3.0,2.0,1.0,1.0,3,4.0,1.0,17.0,42.5
37749,mid,M,disloyal,37,business,eco plus,1028,9,3,6,recovered,neutral or dissatisfied,False,5.0,5.0,5.0,5.0,1.0,5.0,26.0,86.67,5.0,3.0,4.0,1.0,1.0,3,2.0,1.0,20.0,50.0
14475,mid,M,disloyal,13,business,eco plus,674,0,0,0,same,satisfied,True,1.0,3.0,1.0,1.0,4.0,1.0,11.0,36.67,1.0,1.0,2.0,4.0,4.0,4,4.0,3.0,23.0,57.5
22711,mid,F,disloyal,27,business,eco plus,589,0,0,0,same,neutral or dissatisfied,False,3.0,1.0,3.0,3.0,3.0,3.0,16.0,53.33,4.0,4.0,3.0,3.0,3.0,3,4.0,3.0,27.0,67.5
116718,mid,M,disloyal,27,business,eco plus,337,28,21,7,recovered,neutral or dissatisfied,False,3.0,5.0,3.0,3.0,2.0,3.0,19.0,63.33,3.0,4.0,3.0,2.0,2.0,4,3.0,2.0,23.0,57.5
119672,mid,F,disloyal,28,business,eco plus,507,0,0,0,same,neutral or dissatisfied,False,5.0,4.0,5.0,5.0,2.0,5.0,26.0,86.67,4.0,3.0,2.0,2.0,2.0,2,3.0,2.0,20.0,50.0
114026,mid,F,disloyal,25,business,eco plus,1750,6,3,3,recovered,neutral or dissatisfied,False,2.0,3.0,2.0,2.0,2.0,2.0,13.0,43.33,1.0,4.0,3.0,2.0,2.0,2,3.0,3.0,20.0,50.0
42406,mid,F,disloyal,46,business,eco plus,834,0,0,0,same,neutral or dissatisfied,False,5.0,4.0,5.0,5.0,2.0,5.0,26.0,86.67,2.0,3.0,1.0,2.0,2.0,4,5.0,2.0,21.0,52.5
6458,mid,F,disloyal,62,business,eco plus,315,2,0,2,recovered,neutral or dissatisfied,False,1.0,2.0,1.0,1.0,3.0,1.0,9.0,30.0,1.0,4.0,4.0,3.0,3.0,4,3.0,3.0,25.0,62.5
64402,mid,F,disloyal,44,business,eco plus,1192,26,27,-1,worsened,neutral or dissatisfied,False,4.0,1.0,4.0,4.0,2.0,4.0,19.0,63.33,3.0,3.0,4.0,2.0,2.0,2,3.0,2.0,21.0,52.5
82056,mid,F,disloyal,35,business,eco plus,1522,1,0,1,recovered,neutral or dissatisfied,False,2.0,2.0,2.0,2.0,2.0,2.0,12.0,40.0,2.0,2.0,4.0,2.0,2.0,1,2.0,2.0,17.0,42.5
118928,mid,F,disloyal,33,business,eco plus,587,6,0,6,recovered,neutral or dissatisfied,False,1.0,3.0,1.0,1.0,3.0,1.0,10.0,33.33,3.0,3.0,1.0,3.0,3.0,4,4.0,3.0,24.0,60.0
13763,mid,F,disloyal,30,business,eco plus,401,0,0,0,same,neutral or dissatisfied,False,3.0,3.0,3.0,3.0,3.0,3.0,18.0,60.0,3.0,4.0,1.0,3.0,3.0,3,4.0,3.0,24.0,60.0
28052,mid,F,disloyal,22,business,eco plus,1739,6,0,6,recovered,neutral or dissatisfied,False,1.0,1.0,5.0,5.0,2.0,5.0,19.0,63.33,4.0,4.0,4.0,2.0,2.0,4,1.0,,21.0,52.5
57234,mid,F,disloyal,54,business,eco plus,1514,0,0,0,same,neutral or dissatisfied,False,3.0,1.0,4.0,4.0,1.0,4.0,17.0,56.67,3.0,2.0,2.0,1.0,1.0,2,3.0,1.0,15.0,37.5
27639,mid,F,disloyal,38,business,eco plus,650,0,0,0,same,neutral or dissatisfied,False,3.0,4.0,3.0,3.0,3.0,3.0,19.0,63.33,1.0,5.0,3.0,3.0,3.0,1,2.0,3.0,21.0,52.5
53928,mid,F,disloyal,35,business,eco plus,224,6,14,-8,worsened,neutral or dissatisfied,False,1.0,5.0,1.0,1.0,1.0,1.0,10.0,33.33,1.0,4.0,3.0,2.0,2.0,3,4.0,2.0,21.0,52.5
88824,mid,F,disloyal,37,business,eco plus,270,0,0,0,same,neutral or dissatisfied,False,5.0,5.0,5.0,5.0,4.0,5.0,29.0,96.67,4.0,2.0,3.0,4.0,4.0,1,2.0,4.0,24.0,60.0
127210,mid,F,disloyal,37,business,eco plus,246,23,18,5,recovered,neutral or dissatisfied,False,2.0,1.0,2.0,2.0,4.0,2.0,13.0,43.33,3.0,3.0,4.0,4.0,4.0,3,3.0,4.0,28.0,70.0
27651,mid,F,disloyal,29,business,eco plus,937,0,0,0,same,neutral or dissatisfied,False,3.0,2.0,3.0,3.0,2.0,3.0,16.0,53.33,3.0,3.0,1.0,2.0,2.0,4,3.0,2.0,20.0,50.0
122328,mid,F,disloyal,33,business,eco plus,603,0,0,0,same,neutral or dissatisfied,False,1.0,3.0,1.0,1.0,2.0,1.0,9.0,30.0,3.0,4.0,3.0,2.0,2.0,4,4.0,2.0,24.0,60.0
39744,mid,F,disloyal,38,business,eco plus,410,0,15,-15,worsened,neutral or dissatisfied,False,3.0,3.0,3.0,3.0,4.0,3.0,19.0,63.33,1.0,4.0,2.0,4.0,4.0,3,3.0,4.0,25.0,62.5
88799,mid,F,disloyal,30,business,eco plus,545,7,2,5,recovered,neutral or dissatisfied,False,1.0,4.0,1.0,1.0,2.0,1.0,10.0,33.33,3.0,4.0,3.0,2.0,2.0,3,4.0,2.0,23.0,57.5
21164,mid,F,disloyal,38,business,eco plus,954,0,0,0,same,neutral or dissatisfied,False,4.0,3.0,4.0,4.0,3.0,4.0,22.0,73.33,1.0,4.0,3.0,2.0,2.0,4,4.0,2.0,22.0,55.0
95516,mid,F,disloyal,38,business,eco plus,323,16,18,-2,worsened,neutral or dissatisfied,False,2.0,2.0,2.0,2.0,1.0,2.0,11.0,36.67,1.0,3.0,4.0,1.0,1.0,4,3.0,1.0,18.0,45.0
13974,mid,F,disloyal,59,business,eco plus,192,16,18,-2,worsened,neutral or dissatisfied,False,2.0,5.0,2.0,2.0,3.0,2.0,16.0,53.33,1.0,3.0,3.0,3.0,4.0,3,4.0,4.0,25.0,62.5
118242,mid,F,disloyal,55,business,eco plus,1587,0,9,-9,worsened,neutral or dissatisfied,False,2.0,5.0,2.0,2.0,2.0,2.0,15.0,50.0,4.0,3.0,3.0,2.0,2.0,3,2.0,2.0,21.0,52.5
88808,mid,F,disloyal,9,business,eco plus,515,3,0,3,recovered,neutral or dissatisfied,False,3.0,1.0,3.0,3.0,3.0,3.0,16.0,53.33,3.0,4.0,3.0,3.0,3.0,4,3.0,3.0,26.0,65.0
101653,mid,F,disloyal,35,business,eco plus,1733,6,0,6,recovered,neutral or dissatisfied,False,3.0,1.0,3.0,3.0,2.0,3.0,15.0,50.0,4.0,4.0,2.0,2.0,2.0,3,4.0,2.0,23.0,57.5
43405,mid,F,disloyal,44,business,eco plus,402,0,0,0,same,neutral or dissatisfied,False,5.0,1.0,5.0,5.0,2.0,5.0,23.0,76.67,2.0,4.0,2.0,2.0,2.0,1,2.0,2.0,17.0,42.5
113127,mid,M,disloyal,22,business,eco plus,479,33,26,7,recovered,neutral or dissatisfied,False,4.0,4.0,1.0,1.0,3.0,1.0,14.0,46.67,3.0,3.0,2.0,3.0,3.0,2,3.0,2.0,21.0,52.5
58946,mid,F,disloyal,31,business,eco plus,888,8,26,-18,worsened,neutral or dissatisfied,False,2.0,2.0,1.0,1.0,3.0,1.0,10.0,33.33,4.0,3.0,4.0,3.0,3.0,3,4.0,3.0,27.0,67.5
6462,mid,F,disloyal,20,business,eco plus,296,0,0,0,same,neutral or dissatisfied,False,2.0,1.0,4.0,4.0,3.0,4.0,18.0,60.0,2.0,3.0,3.0,3.0,3.0,4,3.0,1.0,22.0,55.0
47991,mid,F,disloyal,27,business,eco plus,550,0,0,0,same,neutral or dissatisfied,False,3.0,4.0,3.0,3.0,4.0,3.0,20.0,66.67,5.0,2.0,1.0,3.0,3.0,1,2.0,3.0,20.0,50.0
126558,mid,F,disloyal,24,business,eco plus,644,3,6,-3,worsened,satisfied,True,2.0,5.0,2.0,2.0,5.0,2.0,18.0,60.0,3.0,1.0,3.0,1.0,5.0,3,2.0,1.0,19.0,47.5
116674,mid,M,disloyal,38,business,eco plus,447,0,0,0,same,neutral or dissatisfied,False,2.0,1.0,2.0,2.0,1.0,2.0,10.0,33.33,2.0,3.0,3.0,1.0,1.0,3,2.0,1.0,16.0,40.0
44275,mid,F,disloyal,25,business,eco plus,118,0,6,-6,worsened,neutral or dissatisfied,False,4.0,5.0,4.0,4.0,4.0,4.0,25.0,83.33,4.0,5.0,1.0,4.0,4.0,1,1.0,,20.0,50.0
42743,mid,F,disloyal,52,business,eco plus,536,0,0,0,same,neutral or dissatisfied,False,1.0,1.0,1.0,1.0,3.0,1.0,8.0,26.67,2.0,5.0,5.0,3.0,3.0,3,5.0,3.0,29.0,72.5
60050,mid,F,disloyal,14,business,eco plus,1023,0,0,0,same,neutral or dissatisfied,False,2.0,2.0,2.0,2.0,3.0,2.0,13.0,43.33,4.0,4.0,2.0,3.0,3.0,3,4.0,1.0,24.0,60.0
93853,mid,M,disloyal,27,business,eco plus,391,0,0,0,same,neutral or dissatisfied,False,2.0,1.0,1.0,1.0,2.0,1.0,8.0,26.67,3.0,3.0,4.0,2.0,2.0,3,4.0,2.0,23.0,57.5
44457,mid,F,disloyal,47,business,eco plus,802,0,0,0,same,neutral or dissatisfied,False,2.0,4.0,2.0,2.0,2.0,2.0,14.0,46.67,2.0,3.0,1.0,2.0,2.0,4,4.0,2.0,20.0,50.0
16217,mid,F,disloyal,35,business,eco plus,212,3,0,3,recovered,neutral or dissatisfied,False,3.0,2.0,3.0,3.0,2.0,3.0,16.0,53.33,4.0,2.0,5.0,3.0,3.0,5,2.0,3.0,27.0,67.5
2807,mid,F,disloyal,30,business,eco plus,764,0,6,-6,worsened,neutral or dissatisfied,False,2.0,5.0,4.0,4.0,3.0,4.0,22.0,73.33,1.0,3.0,3.0,3.0,3.0,4,4.0,3.0,24.0,60.0
83440,mid,F,disloyal,30,business,eco plus,632,1,0,1,recovered,neutral or dissatisfied,False,3.0,3.0,3.0,3.0,1.0,3.0,16.0,53.33,4.0,3.0,1.0,1.0,1.0,3,3.0,1.0,17.0,42.5
104355,mid,F,disloyal,30,business,eco plus,409,0,0,0,same,neutral or dissatisfied,False,5.0,5.0,5.0,5.0,2.0,5.0,27.0,90.0,5.0,3.0,5.0,2.0,2.0,2,5.0,2.0,26.0,65.0
25975,mid,F,disloyal,23,business,eco plus,946,1,9,-8,worsened,neutral or dissatisfied,False,5.0,3.0,5.0,5.0,2.0,5.0,25.0,83.33,1.0,5.0,1.0,2.0,2.0,1,4.0,,16.0,40.0
103495,mid,F,disloyal,36,business,eco plus,440,0,0,0,same,neutral or dissatisfied,False,1.0,1.0,1.0,1.0,3.0,1.0,8.0,26.67,2.0,4.0,1.0,3.0,3.0,2,5.0,3.0,23.0,57.5
120505,mid,F,disloyal,25,business,eco plus,366,0,0,0,same,neutral or dissatisfied,False,5.0,3.0,5.0,5.0,2.0,5.0,25.0,83.33,4.0,4.0,1.0,2.0,2.0,3,4.0,2.0,22.0,55.0
46757,mid,F,disloyal,37,business,eco plus,251,0,0,0,same,neutral or dissatisfied,False,2.0,2.0,2.0,2.0,3.0,2.0,13.0,43.33,4.0,4.0,4.0,3.0,3.0,3,2.0,3.0,26.0,65.0
46995,mid,F,disloyal,49,business,eco plus,846,9,2,7,recovered,neutral or dissatisfied,False,4.0,3.0,4.0,4.0,4.0,4.0,23.0,76.67,3.0,3.0,3.0,4.0,4.0,4,4.0,4.0,29.0,72.5
100557,mid,F,disloyal,36,business,eco plus,711,24,9,15,recovered,neutral or dissatisfied,False,3.0,2.0,3.0,3.0,2.0,3.0,16.0,53.33,2.0,4.0,2.0,2.0,2.0,3,3.0,2.0,20.0,50.0
21569,mid,F,disloyal,36,business,eco plus,331,1,0,1,recovered,neutral or dissatisfied,False,3.0,4.0,3.0,3.0,4.0,3.0,20.0,66.67,5.0,3.0,4.0,4.0,4.0,3,3.0,4.0,30.0,75.0
26862,mid,F,disloyal,59,business,eco plus,224,0,0,0,same,neutral or dissatisfied,False,3.0,5.0,3.0,3.0,2.0,3.0,19.0,63.33,2.0,4.0,1.0,2.0,2.0,4,3.0,2.0,20.0,50.0
68594,mid,F,disloyal,8,business,eco plus,1616,0,30,-30,worsened,neutral or dissatisfied,False,4.0,1.0,4.0,4.0,2.0,4.0,19.0,63.33,4.0,3.0,1.0,2.0,2.0,2,3.0,1.0,18.0,45.0
89820,mid,F,disloyal,38,business,eco plus,669,0,0,0,same,neutral or dissatisfied,False,5.0,5.0,2.0,2.0,2.0,2.0,18.0,60.0,3.0,3.0,3.0,1.0,1.0,3,3.0,1.0,18.0,45.0
16081,mid,F,disloyal,29,business,eco plus,744,1,2,-1,worsened,neutral or dissatisfied,False,4.0,5.0,4.0,4.0,3.0,4.0,24.0,80.0,4.0,1.0,1.0,3.0,3.0,3,5.0,3.0,23.0,57.5
46285,mid,F,disloyal,23,business,eco plus,624,0,0,0,same,neutral or dissatisfied,False,4.0,2.0,2.0,2.0,3.0,2.0,15.0,50.0,2.0,3.0,2.0,3.0,3.0,3,3.0,1.0,20.0,50.0
37760,mid,F,disloyal,31,business,eco plus,1056,0,0,0,same,neutral or dissatisfied,False,2.0,4.0,2.0,2.0,3.0,2.0,15.0,50.0,3.0,3.0,1.0,3.0,3.0,4,4.0,3.0,24.0,60.0
60559,mid,F,disloyal,44,business,eco plus,585,0,9,-9,worsened,neutral or dissatisfied,False,3.0,2.0,3.0,3.0,2.0,3.0,16.0,53.33,1.0,3.0,1.0,2.0,2.0,2,4.0,2.0,17.0,42.5
37787,mid,M,disloyal,30,business,eco plus,944,0,0,0,same,neutral or dissatisfied,False,4.0,2.0,4.0,4.0,4.0,4.0,22.0,73.33,3.0,4.0,3.0,4.0,4.0,3,3.0,4.0,28.0,70.0
39672,mid,F,disloyal,28,business,eco plus,476,0,5,-5,worsened,neutral or dissatisfied,False,3.0,3.0,3.0,3.0,1.0,3.0,16.0,53.33,4.0,3.0,2.0,1.0,1.0,3,2.0,1.0,17.0,42.5
123950,mid,F,disloyal,36,business,eco plus,141,39,20,19,recovered,neutral or dissatisfied,False,4.0,3.0,4.0,4.0,1.0,4.0,20.0,66.67,1.0,3.0,2.0,1.0,1.0,3,4.0,1.0,16.0,40.0
117309,mid,F,disloyal,36,business,eco plus,325,0,0,0,same,neutral or dissatisfied,False,4.0,5.0,4.0,4.0,2.0,4.0,23.0,76.67,4.0,3.0,3.0,2.0,2.0,3,3.0,2.0,22.0,55.0
17832,mid,F,disloyal,25,business,eco plus,1075,0,0,0,same,neutral or dissatisfied,False,2.0,3.0,2.0,2.0,4.0,2.0,15.0,50.0,3.0,5.0,4.0,4.0,4.0,2,3.0,5.0,30.0,75.0
53130,mid,F,disloyal,27,business,eco plus,2065,0,1,-1,worsened,neutral or dissatisfied,False,1.0,4.0,1.0,1.0,2.0,1.0,10.0,33.33,4.0,1.0,3.0,2.0,2.0,5,1.0,2.0,20.0,50.0
57187,mid,F,disloyal,55,business,eco plus,2227,14,0,14,recovered,neutral or dissatisfied,False,4.0,5.0,4.0,4.0,3.0,4.0,24.0,80.0,2.0,3.0,4.0,3.0,3.0,3,2.0,3.0,23.0,57.5
47226,mid,F,disloyal,28,business,eco plus,908,0,0,0,same,neutral or dissatisfied,False,1.0,3.0,4.0,4.0,1.0,4.0,17.0,56.67,1.0,4.0,5.0,1.0,1.0,5,1.0,1.0,19.0,47.5
95520,mid,F,disloyal,18,business,eco plus,189,0,0,0,same,neutral or dissatisfied,False,2.0,2.0,2.0,2.0,1.0,2.0,11.0,36.67,2.0,3.0,4.0,1.0,1.0,4,3.0,2.0,20.0,50.0
14357,mid,F,disloyal,23,business,eco plus,395,0,0,0,same,neutral or dissatisfied,False,5.0,5.0,3.0,3.0,1.0,3.0,20.0,66.67,4.0,1.0,4.0,1.0,1.0,4,4.0,5.0,24.0,60.0
75291,mid,M,disloyal,39,business,eco plus,1846,6,0,6,recovered,neutral or dissatisfied,False,3.0,5.0,3.0,3.0,2.0,3.0,19.0,63.33,4.0,3.0,4.0,2.0,2.0,2,3.0,2.0,22.0,55.0
14114,mid,F,disloyal,37,business,eco plus,371,0,0,0,same,neutral or dissatisfied,False,1.0,4.0,1.0,1.0,1.0,1.0,9.0,30.0,3.0,4.0,3.0,1.0,1.0,3,3.0,1.0,19.0,47.5
24729,mid,F,disloyal,25,business,eco plus,406,1,0,1,recovered,neutral or dissatisfied,False,4.0,5.0,4.0,4.0,3.0,4.0,24.0,80.0,2.0,3.0,1.0,3.0,3.0,4,4.0,3.0,23.0,57.5
5838,mid,F,disloyal,37,business,eco plus,273,0,0,0,same,neutral or dissatisfied,False,3.0,3.0,4.0,4.0,1.0,4.0,19.0,63.33,2.0,3.0,3.0,1.0,1.0,3,4.0,1.0,18.0,45.0
51208,mid,F,disloyal,37,business,eco plus,109,0,0,0,same,neutral or dissatisfied,False,5.0,5.0,4.0,4.0,2.0,4.0,24.0,80.0,1.0,1.0,4.0,2.0,2.0,4,2.0,2.0,18.0,45.0
112636,mid,F,disloyal,29,business,eco plus,602,1,0,1,recovered,neutral or dissatisfied,False,4.0,4.0,4.0,4.0,4.0,4.0,24.0,80.0,5.0,4.0,2.0,4.0,4.0,5,4.0,4.0,32.0,80.0
35600,mid,F,disloyal,25,business,eco plus,669,0,0,0,same,satisfied,True,1.0,2.0,1.0,1.0,,1.0,6.0,20.0,5.0,5.0,1.0,,,5,5.0,,21.0,52.5
22522,mid,F,disloyal,36,business,eco plus,145,0,0,0,same,neutral or dissatisfied,False,1.0,5.0,4.0,4.0,2.0,4.0,20.0,66.67,4.0,4.0,1.0,2.0,2.0,5,3.0,2.0,23.0,57.5
61320,mid,F,disloyal,29,business,eco plus,862,1,0,1,recovered,neutral or dissatisfied,False,1.0,5.0,1.0,1.0,3.0,1.0,12.0,40.0,3.0,4.0,1.0,3.0,3.0,3,4.0,3.0,24.0,60.0
89468,mid,F,disloyal,44,business,eco plus,151,0,6,-6,worsened,neutral or dissatisfied,False,1.0,1.0,1.0,1.0,1.0,1.0,6.0,20.0,1.0,4.0,3.0,1.0,1.0,4,4.0,1.0,19.0,47.5
27701,mid,F,disloyal,29,business,eco plus,1107,0,0,0,same,neutral or dissatisfied,False,1.0,2.0,1.0,1.0,2.0,1.0,8.0,26.67,2.0,4.0,3.0,2.0,2.0,5,1.0,2.0,21.0,52.5
78239,mid,M,disloyal,30,business,eco plus,259,0,14,-14,worsened,neutral or dissatisfied,False,1.0,5.0,1.0,1.0,1.0,1.0,10.0,33.33,3.0,3.0,1.0,1.0,1.0,3,2.0,1.0,15.0,37.5
15818,mid,F,disloyal,26,business,eco plus,282,0,0,0,same,neutral or dissatisfied,False,3.0,5.0,1.0,1.0,1.0,1.0,12.0,40.0,4.0,4.0,1.0,,,5,3.0,5.0,22.0,55.0
13164,mid,F,disloyal,26,business,eco plus,562,6,29,-23,worsened,neutral or dissatisfied,False,3.0,1.0,3.0,3.0,2.0,3.0,15.0,50.0,1.0,3.0,2.0,1.0,1.0,4,4.0,1.0,17.0,42.5
12076,mid,F,disloyal,23,business,eco plus,376,0,0,0,same,satisfied,True,2.0,4.0,2.0,2.0,,2.0,12.0,40.0,2.0,4.0,1.0,,,2,1.0,,10.0,25.0
25250,mid,F,disloyal,10,business,eco plus,787,1,13,-12,worsened,neutral or dissatisfied,False,4.0,2.0,4.0,4.0,1.0,4.0,19.0,63.33,2.0,4.0,3.0,1.0,1.0,3,3.0,2.0,19.0,47.5
11473,mid,F,disloyal,36,business,eco plus,295,4,0,4,recovered,neutral or dissatisfied,False,4.0,5.0,4.0,4.0,2.0,4.0,23.0,76.67,1.0,2.0,5.0,3.0,3.0,4,1.0,3.0,22.0,55.0
18278,mid,F,disloyal,33,business,eco plus,346,8,0,8,recovered,neutral or dissatisfied,False,5.0,4.0,5.0,5.0,4.0,5.0,28.0,93.33,1.0,3.0,3.0,4.0,4.0,3,3.0,4.0,25.0,62.5
51359,mid,F,disloyal,34,business,eco plus,156,41,30,11,recovered,neutral or dissatisfied,False,4.0,3.0,4.0,4.0,2.0,4.0,21.0,70.0,1.0,3.0,4.0,2.0,2.0,4,3.0,2.0,21.0,52.5
106268,mid,M,disloyal,30,business,eco plus,1500,0,0,0,same,neutral or dissatisfied,False,3.0,2.0,3.0,3.0,3.0,3.0,17.0,56.67,3.0,3.0,1.0,3.0,3.0,4,4.0,3.0,24.0,60.0
27866,mid,F,disloyal,35,business,eco plus,1448,0,0,0,same,neutral or dissatisfied,False,4.0,4.0,4.0,4.0,2.0,4.0,22.0,73.33,1.0,2.0,2.0,2.0,2.0,3,4.0,2.0,18.0,45.0
62411,mid,F,disloyal,56,business,eco plus,1204,0,0,0,same,neutral or dissatisfied,False,3.0,5.0,4.0,4.0,3.0,4.0,23.0,76.67,2.0,4.0,4.0,3.0,3.0,1,3.0,3.0,23.0,57.5
45246,mid,F,disloyal,29,business,eco plus,1081,17,24,-7,worsened,neutral or dissatisfied,False,4.0,3.0,4.0,4.0,2.0,4.0,21.0,70.0,3.0,4.0,3.0,2.0,2.0,1,1.0,2.0,18.0,45.0
33217,mid,M,disloyal,25,business,eco plus,101,0,1,-1,worsened,neutral or dissatisfied,False,1.0,1.0,1.0,1.0,4.0,1.0,9.0,30.0,5.0,2.0,1.0,4.0,4.0,2,4.0,5.0,27.0,67.5
30179,mid,M,disloyal,32,business,eco plus,261,7,0,7,recovered,neutral or dissatisfied,False,3.0,3.0,3.0,3.0,3.0,3.0,18.0,60.0,3.0,3.0,4.0,3.0,3.0,3,4.0,3.0,26.0,65.0
22227,mid,F,disloyal,22,business,eco plus,633,34,20,14,recovered,neutral or dissatisfied,False,5.0,2.0,5.0,5.0,3.0,5.0,25.0,83.33,3.0,3.0,4.0,3.0,3.0,4,4.0,3.0,27.0,67.5
27074,mid,F,disloyal,29,business,eco plus,1399,0,26,-26,worsened,neutral or dissatisfied,False,1.0,3.0,1.0,1.0,2.0,1.0,9.0,30.0,1.0,3.0,3.0,2.0,2.0,3,3.0,2.0,19.0,47.5
35563,mid,F,disloyal,13,business,eco plus,1118,17,27,-10,worsened,neutral or dissatisfied,False,3.0,1.0,3.0,3.0,2.0,3.0,15.0,50.0,5.0,4.0,2.0,2.0,2.0,3,4.0,,22.0,55.0
124144,mid,M,disloyal,25,business,eco plus,529,25,26,-1,worsened,neutral or dissatisfied,False,1.0,3.0,2.0,2.0,3.0,2.0,13.0,43.33,3.0,3.0,4.0,2.0,2.0,4,4.0,4.0,26.0,65.0
22896,mid,M,disloyal,49,business,eco plus,302,0,0,0,same,satisfied,True,3.0,4.0,3.0,3.0,5.0,3.0,21.0,70.0,1.0,4.0,2.0,5.0,5.0,1,1.0,5.0,24.0,60.0
51360,mid,M,disloyal,25,business,eco plus,109,0,0,0,same,neutral or dissatisfied,False,3.0,4.0,3.0,3.0,2.0,3.0,18.0,60.0,5.0,3.0,3.0,2.0,2.0,1,2.0,,18.0,45.0
40935,mid,F,disloyal,52,business,eco plus,590,0,0,0,same,neutral or dissatisfied,False,1.0,1.0,1.0,1.0,2.0,1.0,7.0,23.33,3.0,2.0,3.0,2.0,2.0,3,3.0,2.0,20.0,50.0
40330,mid,F,disloyal,37,business,eco plus,347,0,0,0,same,neutral or dissatisfied,False,4.0,2.0,4.0,4.0,2.0,4.0,20.0,66.67,2.0,3.0,3.0,2.0,2.0,2,2.0,2.0,18.0,45.0
18357,mid,F,disloyal,30,business,eco plus,314,0,0,0,same,satisfied,True,2.0,3.0,2.0,2.0,,2.0,11.0,36.67,5.0,2.0,4.0,,,1,4.0,,16.0,40.0
51835,mid,F,disloyal,18,business,eco plus,369,0,0,0,same,neutral or dissatisfied,False,5.0,1.0,3.0,3.0,2.0,3.0,17.0,56.67,1.0,3.0,1.0,2.0,2.0,4,3.0,4.0,20.0,50.0
31785,mid,F,disloyal,27,business,eco plus,602,28,19,9,recovered,neutral or dissatisfied,False,5.0,4.0,5.0,5.0,3.0,5.0,27.0,90.0,2.0,3.0,2.0,3.0,3.0,4,3.0,3.0,23.0,57.5
53533,mid,F,disloyal,41,business,eco plus,2419,10,26,-16,worsened,neutral or dissatisfied,False,4.0,4.0,3.0,1.0,3.0,4.0,19.0,63.33,1.0,1.0,4.0,4.0,3.0,1,1.0,3.0,18.0,45.0
76443,mid,F,disloyal,23,business,eco plus,405,5,6,-1,worsened,neutral or dissatisfied,False,3.0,2.0,3.0,3.0,3.0,3.0,17.0,56.67,4.0,4.0,2.0,3.0,3.0,4,4.0,2.0,26.0,65.0
43791,mid,F,disloyal,27,business,eco plus,546,0,0,0,same,neutral or dissatisfied,False,3.0,3.0,5.0,5.0,3.0,5.0,24.0,80.0,1.0,4.0,2.0,3.0,3.0,4,4.0,3.0,24.0,60.0
69869,mid,F,disloyal,29,business,eco plus,655,0,0,0,same,neutral or dissatisfied,False,5.0,5.0,5.0,5.0,4.0,5.0,29.0,96.67,3.0,3.0,2.0,4.0,4.0,3,4.0,4.0,27.0,67.5
92996,mid,F,disloyal,8,business,eco plus,738,2,5,-3,worsened,neutral or dissatisfied,False,3.0,2.0,3.0,3.0,3.0,3.0,17.0,56.67,3.0,3.0,1.0,3.0,3.0,4,4.0,3.0,24.0,60.0
24531,mid,M,disloyal,25,business,eco plus,892,0,3,-3,worsened,neutral or dissatisfied,False,1.0,4.0,1.0,1.0,2.0,1.0,10.0,33.33,1.0,3.0,2.0,2.0,2.0,3,4.0,2.0,19.0,47.5
96549,mid,F,disloyal,27,business,eco plus,436,21,3,18,recovered,neutral or dissatisfied,False,4.0,4.0,4.0,4.0,1.0,4.0,21.0,70.0,4.0,4.0,4.0,,,4,3.0,,19.0,47.5
75518,mid,F,disloyal,27,business,eco plus,748,0,0,0,same,neutral or dissatisfied,False,1.0,1.0,1.0,1.0,3.0,1.0,8.0,26.67,2.0,3.0,4.0,3.0,3.0,3,3.0,3.0,24.0,60.0
98546,mid,F,disloyal,23,business,eco plus,402,0,0,0,same,satisfied,True,1.0,2.0,3.0,3.0,5.0,3.0,17.0,56.67,1.0,3.0,4.0,5.0,5.0,2,5.0,,25.0,62.5
47550,mid,M,disloyal,27,business,eco plus,541,9,10,-1,worsened,neutral or dissatisfied,False,3.0,5.0,3.0,3.0,3.0,3.0,20.0,66.67,1.0,4.0,5.0,3.0,3.0,1,3.0,3.0,23.0,57.5
22649,mid,F,disloyal,48,business,eco plus,300,15,0,15,recovered,neutral or dissatisfied,False,3.0,3.0,4.0,4.0,1.0,4.0,19.0,63.33,5.0,1.0,1.0,1.0,1.0,3,5.0,1.0,18.0,45.0
13792,mid,F,disloyal,42,business,eco plus,837,0,20,-20,worsened,neutral or dissatisfied,False,5.0,3.0,5.0,5.0,2.0,5.0,25.0,83.33,2.0,3.0,5.0,2.0,2.0,1,3.0,2.0,20.0,50.0
41442,mid,F,disloyal,30,business,eco plus,913,4,4,0,same,neutral or dissatisfied,False,5.0,1.0,3.0,3.0,1.0,3.0,16.0,53.33,2.0,4.0,4.0,1.0,1.0,3,4.0,1.0,20.0,50.0
41167,mid,M,disloyal,30,business,eco plus,667,41,27,14,recovered,neutral or dissatisfied,False,3.0,3.0,3.0,3.0,2.0,3.0,17.0,56.67,4.0,2.0,2.0,2.0,2.0,1,2.0,2.0,17.0,42.5
48612,mid,F,disloyal,27,business,eco plus,737,15,0,15,recovered,neutral or dissatisfied,False,1.0,3.0,4.0,4.0,1.0,4.0,17.0,56.67,5.0,2.0,3.0,1.0,1.0,2,3.0,1.0,18.0,45.0
46753,mid,F,disloyal,23,business,eco plus,141,10,5,5,recovered,satisfied,True,5.0,5.0,4.0,4.0,5.0,4.0,27.0,90.0,4.0,3.0,2.0,5.0,5.0,5,2.0,4.0,30.0,75.0
5581,mid,F,disloyal,33,business,eco plus,588,0,14,-14,worsened,neutral or dissatisfied,False,2.0,4.0,2.0,2.0,2.0,2.0,14.0,46.67,1.0,3.0,1.0,2.0,2.0,4,3.0,2.0,18.0,45.0
59426,mid,F,disloyal,29,business,eco plus,2556,0,0,0,same,neutral or dissatisfied,False,2.0,4.0,2.0,2.0,1.0,2.0,13.0,43.33,3.0,4.0,1.0,1.0,1.0,3,3.0,1.0,17.0,42.5
35574,mid,M,disloyal,29,business,eco plus,828,0,3,-3,worsened,neutral or dissatisfied,False,2.0,2.0,1.0,1.0,3.0,1.0,10.0,33.33,5.0,1.0,2.0,3.0,3.0,2,5.0,3.0,24.0,60.0
12000,mid,M,disloyal,21,business,eco plus,643,0,0,0,same,satisfied,True,5.0,5.0,5.0,5.0,5.0,5.0,30.0,100.0,2.0,5.0,5.0,5.0,5.0,2,4.0,4.0,32.0,80.0
85854,mid,F,disloyal,30,business,eco plus,666,5,0,5,recovered,neutral or dissatisfied,False,5.0,4.0,5.0,5.0,3.0,5.0,27.0,90.0,4.0,2.0,2.0,3.0,3.0,3,1.0,3.0,21.0,52.5
107527,mid,F,disloyal,16,business,eco plus,838,1,0,1,recovered,neutral or dissatisfied,False,2.0,5.0,2.0,2.0,3.0,2.0,16.0,53.33,2.0,3.0,2.0,3.0,3.0,3,4.0,1.0,21.0,52.5
60675,mid,F,disloyal,28,business,eco plus,1620,36,17,19,recovered,neutral or dissatisfied,False,5.0,4.0,5.0,5.0,3.0,5.0,27.0,90.0,1.0,4.0,2.0,3.0,3.0,2,4.0,3.0,22.0,55.0
31743,mid,F,disloyal,7,business,eco plus,862,3,0,3,recovered,neutral or dissatisfied,False,4.0,4.0,4.0,4.0,3.0,4.0,23.0,76.67,2.0,3.0,2.0,2.0,2.0,4,4.0,3.0,22.0,55.0
29152,mid,F,disloyal,38,business,eco plus,987,0,0,0,same,neutral or dissatisfied,False,3.0,5.0,3.0,3.0,3.0,3.0,20.0,66.67,3.0,3.0,4.0,2.0,2.0,5,2.0,2.0,23.0,57.5
17328,mid,F,disloyal,32,business,eco plus,403,0,0,0,same,neutral or dissatisfied,False,2.0,5.0,2.0,2.0,2.0,2.0,15.0,50.0,4.0,5.0,3.0,2.0,2.0,4,3.0,2.0,25.0,62.5
63561,mid,F,disloyal,20,business,eco plus,1009,2,0,2,recovered,neutral or dissatisfied,False,2.0,1.0,3.0,3.0,2.0,3.0,14.0,46.67,3.0,3.0,3.0,2.0,2.0,3,3.0,,19.0,47.5
51351,mid,F,disloyal,18,business,eco plus,86,0,2,-2,worsened,neutral or dissatisfied,False,2.0,1.0,1.0,1.0,3.0,1.0,9.0,30.0,4.0,1.0,5.0,3.0,3.0,4,3.0,,23.0,57.5
39048,mid,M,disloyal,24,business,eco plus,313,0,3,-3,worsened,satisfied,True,3.0,3.0,2.0,2.0,4.0,2.0,16.0,53.33,4.0,3.0,4.0,5.0,5.0,1,2.0,,24.0,60.0
127444,mid,M,disloyal,27,business,eco plus,609,0,0,0,same,neutral or dissatisfied,False,2.0,5.0,2.0,2.0,4.0,2.0,17.0,56.67,5.0,5.0,2.0,4.0,4.0,3,4.0,4.0,31.0,77.5
97686,mid,F,disloyal,26,business,eco plus,272,5,7,-2,worsened,neutral or dissatisfied,False,5.0,1.0,5.0,5.0,4.0,5.0,25.0,83.33,2.0,3.0,3.0,4.0,4.0,4,3.0,4.0,27.0,67.5
61840,mid,F,disloyal,25,business,eco plus,1635,36,15,21,recovered,neutral or dissatisfied,False,4.0,4.0,4.0,4.0,3.0,4.0,23.0,76.67,1.0,3.0,2.0,3.0,3.0,4,4.0,3.0,23.0,57.5
29180,mid,F,disloyal,35,business,eco plus,978,0,0,0,same,neutral or dissatisfied,False,2.0,4.0,2.0,2.0,2.0,2.0,14.0,46.67,3.0,3.0,5.0,2.0,2.0,3,1.0,2.0,21.0,52.5
36713,mid,F,disloyal,48,business,eco plus,1121,16,23,-7,worsened,neutral or dissatisfied,False,5.0,4.0,5.0,5.0,3.0,5.0,27.0,90.0,5.0,5.0,1.0,3.0,2.0,1,3.0,2.0,22.0,55.0
52801,mid,M,disloyal,26,business,eco plus,1874,10,0,10,recovered,neutral or dissatisfied,False,4.0,1.0,4.0,4.0,3.0,4.0,20.0,66.67,5.0,2.0,1.0,2.0,2.0,3,3.0,2.0,20.0,50.0
65991,mid,M,disloyal,26,business,eco plus,1372,0,0,0,same,neutral or dissatisfied,False,1.0,2.0,1.0,1.0,1.0,1.0,7.0,23.33,1.0,2.0,3.0,1.0,1.0,3,2.0,1.0,14.0,35.0
14354,mid,F,disloyal,23,business,eco plus,429,0,0,0,same,neutral or dissatisfied,False,2.0,5.0,2.0,2.0,4.0,2.0,17.0,56.67,3.0,1.0,4.0,4.0,4.0,3,4.0,5.0,28.0,70.0
114022,mid,F,disloyal,25,business,eco plus,1728,0,0,0,same,neutral or dissatisfied,False,3.0,2.0,3.0,3.0,3.0,3.0,17.0,56.67,4.0,2.0,1.0,3.0,3.0,2,2.0,2.0,19.0,47.5
62838,mid,F,disloyal,30,business,eco plus,2504,8,20,-12,worsened,neutral or dissatisfied,False,3.0,2.0,3.0,1.0,3.0,3.0,15.0,50.0,2.0,1.0,3.0,5.0,3.0,3,4.0,3.0,24.0,60.0
20620,mid,M,disloyal,35,business,eco plus,864,21,7,14,recovered,neutral or dissatisfied,False,2.0,2.0,2.0,2.0,3.0,2.0,13.0,43.33,1.0,4.0,3.0,3.0,3.0,4,4.0,3.0,25.0,62.5
59719,mid,F,disloyal,47,business,eco plus,854,22,13,9,recovered,neutral or dissatisfied,False,3.0,4.0,2.0,2.0,2.0,2.0,15.0,50.0,3.0,4.0,2.0,2.0,2.0,4,3.0,2.0,22.0,55.0
65252,mid,F,disloyal,16,business,eco plus,469,0,0,0,same,neutral or dissatisfied,False,4.0,1.0,4.0,4.0,1.0,4.0,18.0,60.0,4.0,4.0,4.0,1.0,1.0,4,3.0,1.0,22.0,55.0
38381,mid,F,disloyal,25,business,eco plus,1180,0,0,0,same,neutral or dissatisfied,False,4.0,5.0,4.0,4.0,3.0,4.0,24.0,80.0,4.0,3.0,3.0,3.0,3.0,3,4.0,,23.0,57.5
83303,mid,M,disloyal,36,business,eco plus,579,0,0,0,same,neutral or dissatisfied,False,3.0,1.0,3.0,3.0,2.0,3.0,15.0,50.0,5.0,4.0,2.0,2.0,2.0,3,2.0,2.0,22.0,55.0
57715,mid,M,disloyal,47,business,eco plus,867,0,8,-8,worsened,neutral or dissatisfied,False,1.0,3.0,1.0,1.0,3.0,1.0,10.0,33.33,2.0,3.0,1.0,3.0,3.0,3,3.0,3.0,21.0,52.5
45249,mid,M,disloyal,49,business,eco plus,911,0,0,0,same,neutral or dissatisfied,False,1.0,5.0,1.0,1.0,4.0,1.0,13.0,43.33,1.0,4.0,1.0,4.0,4.0,4,4.0,4.0,26.0,65.0
27628,mid,F,disloyal,31,business,eco plus,956,0,0,0,same,neutral or dissatisfied,False,3.0,5.0,3.0,3.0,3.0,3.0,20.0,66.67,5.0,5.0,3.0,3.0,3.0,2,3.0,3.0,27.0,67.5
31392,mid,F,disloyal,28,business,eco plus,895,0,0,0,same,neutral or dissatisfied,False,1.0,5.0,2.0,2.0,4.0,2.0,16.0,53.33,2.0,4.0,3.0,4.0,4.0,4,4.0,4.0,29.0,72.5
80886,mid,F,disloyal,24,business,eco plus,692,2,7,-5,worsened,neutral or dissatisfied,False,3.0,1.0,3.0,3.0,1.0,3.0,14.0,46.67,2.0,3.0,1.0,1.0,1.0,4,3.0,2.0,17.0,42.5
16625,mid,F,disloyal,36,business,eco plus,1008,25,5,20,recovered,neutral or dissatisfied,False,1.0,4.0,1.0,1.0,2.0,1.0,10.0,33.33,4.0,3.0,3.0,2.0,2.0,4,4.0,2.0,24.0,60.0
125244,mid,F,disloyal,29,business,eco plus,1149,0,15,-15,worsened,neutral or dissatisfied,False,4.0,4.0,4.0,4.0,2.0,4.0,22.0,73.33,4.0,3.0,4.0,2.0,2.0,3,3.0,2.0,23.0,57.5
25042,mid,F,disloyal,26,business,eco plus,507,0,0,0,same,neutral or dissatisfied,False,3.0,4.0,3.0,3.0,3.0,3.0,19.0,63.33,4.0,4.0,5.0,3.0,3.0,3,5.0,3.0,30.0,75.0
34373,mid,F,disloyal,27,business,eco plus,541,0,0,0,same,satisfied,True,2.0,1.0,5.0,5.0,5.0,5.0,23.0,76.67,1.0,1.0,3.0,5.0,5.0,3,2.0,5.0,25.0,62.5
25104,mid,M,disloyal,27,business,eco plus,369,4,0,4,recovered,neutral or dissatisfied,False,5.0,4.0,5.0,5.0,2.0,5.0,26.0,86.67,1.0,1.0,4.0,2.0,2.0,4,4.0,2.0,20.0,50.0
42394,mid,F,disloyal,52,business,eco plus,834,0,8,-8,worsened,neutral or dissatisfied,False,4.0,5.0,4.0,4.0,3.0,4.0,24.0,80.0,4.0,2.0,2.0,3.0,3.0,4,3.0,3.0,24.0,60.0
83869,mid,F,disloyal,26,business,eco plus,425,0,0,0,same,neutral or dissatisfied,False,1.0,2.0,1.0,1.0,1.0,1.0,7.0,23.33,3.0,4.0,2.0,,,3,4.0,,16.0,40.0
106449,mid,F,disloyal,30,business,eco plus,1062,0,4,-4,worsened,neutral or dissatisfied,False,2.0,4.0,2.0,2.0,2.0,2.0,14.0,46.67,1.0,3.0,3.0,2.0,2.0,3,3.0,2.0,19.0,47.5
71729,mid,F,disloyal,37,business,eco plus,607,0,0,0,same,neutral or dissatisfied,False,1.0,4.0,3.0,3.0,2.0,3.0,16.0,53.33,3.0,5.0,3.0,3.0,3.0,5,4.0,3.0,29.0,72.5
57810,mid,M,disloyal,31,business,eco plus,1235,55,21,34,recovered,neutral or dissatisfied,False,5.0,4.0,5.0,5.0,2.0,5.0,26.0,86.67,1.0,3.0,4.0,2.0,2.0,3,3.0,2.0,20.0,50.0
6957,mid,F,disloyal,30,business,eco plus,588,24,19,5,recovered,neutral or dissatisfied,False,5.0,1.0,4.0,4.0,4.0,4.0,22.0,73.33,2.0,4.0,1.0,4.0,4.0,3,4.0,4.0,26.0,65.0
121202,mid,F,disloyal,26,business,eco plus,2402,0,19,-19,worsened,neutral or dissatisfied,False,2.0,4.0,2.0,3.0,2.0,2.0,15.0,50.0,2.0,2.0,2.0,2.0,2.0,3,4.0,2.0,19.0,47.5
22143,mid,F,disloyal,21,business,eco plus,350,0,0,0,same,neutral or dissatisfied,False,1.0,3.0,1.0,1.0,3.0,1.0,10.0,33.33,4.0,1.0,1.0,3.0,3.0,4,2.0,4.0,22.0,55.0
93476,mid,F,disloyal,22,business,eco plus,697,32,22,10,recovered,neutral or dissatisfied,False,2.0,1.0,2.0,2.0,2.0,2.0,11.0,36.67,3.0,4.0,4.0,1.0,1.0,4,3.0,1.0,21.0,52.5
39632,mid,F,disloyal,32,business,eco plus,908,0,0,0,same,neutral or dissatisfied,False,3.0,1.0,3.0,3.0,3.0,3.0,16.0,53.33,4.0,3.0,5.0,3.0,3.0,5,3.0,3.0,29.0,72.5
117392,mid,F,disloyal,30,business,eco plus,912,0,0,0,same,neutral or dissatisfied,False,4.0,5.0,4.0,4.0,4.0,4.0,25.0,83.33,1.0,3.0,2.0,4.0,4.0,4,3.0,4.0,25.0,62.5
33227,mid,F,disloyal,50,business,eco plus,101,0,0,0,same,neutral or dissatisfied,False,2.0,3.0,2.0,2.0,3.0,2.0,14.0,46.67,2.0,5.0,5.0,3.0,3.0,2,4.0,3.0,27.0,67.5
61895,mid,M,disloyal,30,business,eco plus,2521,0,0,0,same,neutral or dissatisfied,False,5.0,2.0,5.0,5.0,2.0,5.0,24.0,80.0,3.0,5.0,5.0,2.0,2.0,2,5.0,2.0,26.0,65.0
36145,mid,F,disloyal,12,business,eco plus,1609,0,0,0,same,neutral or dissatisfied,False,3.0,4.0,2.0,2.0,3.0,2.0,16.0,53.33,1.0,4.0,1.0,3.0,3.0,4,4.0,2.0,22.0,55.0
11796,mid,M,disloyal,35,business,eco plus,429,21,17,4,recovered,neutral or dissatisfied,False,2.0,4.0,2.0,2.0,4.0,2.0,16.0,53.33,4.0,3.0,1.0,4.0,4.0,3,4.0,4.0,27.0,67.5
21565,mid,F,disloyal,27,business,eco plus,164,0,0,0,same,neutral or dissatisfied,False,1.0,2.0,1.0,1.0,1.0,1.0,7.0,23.33,1.0,3.0,3.0,1.0,1.0,2,2.0,1.0,14.0,35.0
86547,mid,F,disloyal,27,business,eco plus,762,0,0,0,same,neutral or dissatisfied,False,5.0,2.0,5.0,5.0,2.0,5.0,24.0,80.0,1.0,4.0,3.0,2.0,2.0,4,3.0,2.0,21.0,52.5
108970,mid,F,disloyal,27,business,eco plus,655,33,18,15,recovered,neutral or dissatisfied,False,3.0,5.0,3.0,3.0,4.0,3.0,21.0,70.0,1.0,4.0,2.0,4.0,4.0,3,3.0,4.0,25.0,62.5
38208,mid,F,disloyal,46,business,eco plus,1220,0,0,0,same,neutral or dissatisfied,False,3.0,1.0,3.0,3.0,4.0,3.0,17.0,56.67,3.0,2.0,5.0,4.0,4.0,4,4.0,4.0,30.0,75.0
51323,mid,F,disloyal,36,business,eco plus,308,0,0,0,same,neutral or dissatisfied,False,1.0,3.0,1.0,1.0,2.0,1.0,9.0,30.0,4.0,4.0,3.0,1.0,1.0,4,4.0,1.0,22.0,55.0
28669,mid,M,disloyal,36,business,eco plus,2417,0,4,-4,worsened,neutral or dissatisfied,False,2.0,1.0,2.0,2.0,3.0,2.0,12.0,40.0,3.0,1.0,1.0,3.0,3.0,3,4.0,3.0,21.0,52.5
16519,mid,F,disloyal,26,business,eco plus,143,0,0,0,same,neutral or dissatisfied,False,4.0,4.0,4.0,4.0,3.0,4.0,23.0,76.67,3.0,4.0,1.0,3.0,3.0,5,4.0,5.0,28.0,70.0
116646,mid,F,disloyal,37,business,eco plus,372,0,0,0,same,neutral or dissatisfied,False,5.0,1.0,5.0,5.0,2.0,5.0,23.0,76.67,4.0,4.0,2.0,2.0,2.0,4,4.0,2.0,24.0,60.0
102904,mid,F,disloyal,24,business,eco plus,1037,0,7,-7,worsened,neutral or dissatisfied,False,1.0,1.0,1.0,1.0,3.0,1.0,8.0,26.67,3.0,1.0,3.0,3.0,3.0,1,2.0,1.0,17.0,42.5
24356,mid,M,disloyal,35,business,eco plus,634,0,0,0,same,neutral or dissatisfied,False,1.0,5.0,1.0,1.0,2.0,1.0,11.0,36.67,2.0,1.0,2.0,2.0,2.0,5,2.0,2.0,18.0,45.0
76259,mid,F,disloyal,23,business,eco plus,1399,0,0,0,same,neutral or dissatisfied,False,5.0,5.0,5.0,5.0,1.0,5.0,26.0,86.67,5.0,5.0,1.0,1.0,1.0,1,4.0,4.0,22.0,55.0
53129,mid,F,disloyal,21,business,eco plus,2065,1,0,1,recovered,satisfied,True,4.0,2.0,4.0,4.0,,4.0,18.0,60.0,4.0,4.0,3.0,,,5,2.0,4.0,22.0,55.0
28213,mid,F,disloyal,27,business,eco plus,859,0,0,0,same,neutral or dissatisfied,False,1.0,1.0,1.0,1.0,4.0,1.0,9.0,30.0,1.0,2.0,1.0,4.0,4.0,2,3.0,4.0,21.0,52.5
13611,mid,F,disloyal,23,business,eco plus,152,0,20,-20,worsened,neutral or dissatisfied,False,3.0,1.0,3.0,3.0,2.0,3.0,15.0,50.0,1.0,4.0,4.0,2.0,2.0,4,3.0,3.0,23.0,57.5
68193,mid,F,disloyal,50,business,eco plus,203,0,0,0,same,satisfied,True,5.0,3.0,5.0,5.0,4.0,5.0,27.0,90.0,5.0,2.0,2.0,4.0,5.0,1,5.0,5.0,29.0,72.5
36351,mid,M,disloyal,27,business,eco plus,187,3,2,1,recovered,neutral or dissatisfied,False,3.0,5.0,3.0,3.0,2.0,3.0,19.0,63.33,2.0,1.0,5.0,2.0,2.0,4,3.0,2.0,21.0,52.5
65253,mid,F,disloyal,43,business,eco plus,354,0,3,-3,worsened,neutral or dissatisfied,False,1.0,3.0,3.0,3.0,2.0,3.0,15.0,50.0,3.0,3.0,4.0,2.0,2.0,4,3.0,2.0,23.0,57.5
13290,mid,F,disloyal,30,business,eco plus,468,30,16,14,recovered,neutral or dissatisfied,False,3.0,2.0,5.0,5.0,2.0,5.0,22.0,73.33,3.0,1.0,1.0,2.0,2.0,1,1.0,2.0,13.0,32.5
95504,mid,M,disloyal,47,business,eco plus,441,0,0,0,same,neutral or dissatisfied,False,1.0,1.0,5.0,5.0,3.0,5.0,20.0,66.67,1.0,3.0,3.0,3.0,4.0,3,3.0,4.0,24.0,60.0
33192,mid,F,disloyal,50,business,eco plus,102,0,0,0,same,neutral or dissatisfied,False,4.0,3.0,4.0,4.0,3.0,4.0,22.0,73.33,5.0,1.0,1.0,3.0,3.0,1,1.0,3.0,18.0,45.0
24394,mid,F,disloyal,45,business,eco plus,669,16,11,5,recovered,neutral or dissatisfied,False,3.0,4.0,3.0,3.0,3.0,3.0,19.0,63.33,2.0,1.0,2.0,3.0,3.0,1,4.0,3.0,19.0,47.5
51268,mid,F,disloyal,23,business,eco plus,156,0,1,-1,worsened,satisfied,True,4.0,4.0,4.0,4.0,,4.0,20.0,66.67,5.0,2.0,2.0,,,4,4.0,2.0,19.0,47.5
41236,mid,F,disloyal,26,business,eco plus,744,0,0,0,same,satisfied,True,5.0,3.0,5.0,5.0,5.0,5.0,28.0,93.33,5.0,5.0,4.0,5.0,5.0,4,1.0,5.0,34.0,85.0
97435,mid,F,disloyal,34,business,eco plus,587,1,0,1,recovered,neutral or dissatisfied,False,3.0,4.0,3.0,3.0,2.0,3.0,18.0,60.0,1.0,2.0,4.0,1.0,1.0,2,2.0,1.0,14.0,35.0
77564,mid,M,disloyal,24,business,eco plus,986,18,3,15,recovered,neutral or dissatisfied,False,5.0,4.0,5.0,5.0,3.0,5.0,27.0,90.0,4.0,4.0,2.0,3.0,3.0,3,3.0,3.0,25.0,62.5
58299,mid,F,disloyal,30,business,eco plus,678,0,0,0,same,neutral or dissatisfied,False,4.0,1.0,4.0,4.0,2.0,4.0,19.0,63.33,3.0,3.0,3.0,2.0,2.0,3,3.0,2.0,21.0,52.5
86062,mid,M,disloyal,58,business,eco plus,447,1,0,1,recovered,neutral or dissatisfied,False,5.0,4.0,5.0,5.0,1.0,5.0,25.0,83.33,1.0,3.0,1.0,1.0,,3,4.0,,13.0,32.5
67981,mid,F,disloyal,44,business,eco plus,1171,21,11,10,recovered,neutral or dissatisfied,False,3.0,2.0,3.0,3.0,1.0,3.0,15.0,50.0,3.0,4.0,1.0,1.0,1.0,3,4.0,1.0,18.0,45.0
55856,mid,F,disloyal,57,business,eco plus,1416,0,0,0,same,neutral or dissatisfied,False,4.0,4.0,3.0,3.0,3.0,3.0,20.0,66.67,1.0,3.0,1.0,3.0,3.0,4,4.0,3.0,22.0,55.0
38200,mid,F,disloyal,27,business,eco plus,1237,0,0,0,same,neutral or dissatisfied,False,4.0,4.0,4.0,4.0,3.0,4.0,23.0,76.67,2.0,4.0,5.0,3.0,3.0,5,5.0,3.0,30.0,75.0
54366,mid,F,disloyal,23,business,eco plus,1235,1,0,1,recovered,neutral or dissatisfied,False,3.0,3.0,3.0,3.0,3.0,3.0,18.0,60.0,4.0,5.0,3.0,3.0,3.0,5,1.0,,24.0,60.0
88811,mid,F,disloyal,54,business,eco plus,250,0,3,-3,worsened,neutral or dissatisfied,False,1.0,3.0,1.0,1.0,4.0,1.0,11.0,36.67,3.0,1.0,4.0,4.0,4.0,1,2.0,4.0,23.0,57.5
82937,mid,F,disloyal,42,business,eco plus,194,0,12,-12,worsened,satisfied,True,4.0,5.0,4.0,4.0,5.0,4.0,26.0,86.67,2.0,4.0,3.0,5.0,5.0,5,1.0,5.0,30.0,75.0
20998,mid,M,disloyal,37,business,eco plus,851,8,11,-3,worsened,neutral or dissatisfied,False,2.0,1.0,4.0,4.0,3.0,4.0,18.0,60.0,4.0,2.0,2.0,3.0,3.0,1,1.0,3.0,19.0,47.5
6091,mid,F,disloyal,25,business,eco plus,672,0,11,-11,worsened,neutral or dissatisfied,False,4.0,3.0,4.0,4.0,1.0,4.0,20.0,66.67,2.0,4.0,4.0,1.0,1.0,3,4.0,4.0,23.0,57.5
48399,mid,F,disloyal,43,business,eco plus,674,0,0,0,same,neutral or dissatisfied,False,2.0,2.0,3.0,3.0,4.0,3.0,17.0,56.67,1.0,2.0,4.0,4.0,4.0,2,3.0,4.0,24.0,60.0
54770,mid,M,disloyal,25,business,eco plus,787,0,0,0,same,neutral or dissatisfied,False,4.0,2.0,4.0,4.0,2.0,4.0,20.0,66.67,2.0,1.0,5.0,2.0,2.0,4,4.0,5.0,25.0,62.5
24303,mid,F,disloyal,33,business,eco plus,134,0,0,0,same,neutral or dissatisfied,False,2.0,5.0,2.0,2.0,2.0,2.0,15.0,50.0,4.0,2.0,1.0,2.0,2.0,2,4.0,2.0,19.0,47.5
31026,mid,M,disloyal,38,business,eco plus,391,0,0,0,same,neutral or dissatisfied,False,2.0,4.0,2.0,2.0,1.0,2.0,13.0,43.33,2.0,1.0,5.0,1.0,1.0,2,4.0,1.0,17.0,42.5
25007,mid,F,disloyal,51,business,eco plus,484,0,0,0,same,satisfied,True,1.0,4.0,1.0,1.0,5.0,1.0,13.0,43.33,3.0,3.0,3.0,5.0,5.0,5,3.0,5.0,32.0,80.0
68191,mid,F,disloyal,22,business,eco plus,597,12,8,4,recovered,neutral or dissatisfied,False,3.0,2.0,3.0,3.0,2.0,3.0,16.0,53.33,4.0,3.0,3.0,2.0,2.0,3,3.0,4.0,24.0,60.0
129573,mid,F,disloyal,26,business,eco plus,2583,0,0,0,same,neutral or dissatisfied,False,5.0,5.0,2.0,2.0,2.0,2.0,18.0,60.0,3.0,4.0,4.0,2.0,2.0,3,4.0,2.0,24.0,60.0
30430,mid,F,disloyal,8,business,eco plus,1014,0,11,-11,worsened,neutral or dissatisfied,False,1.0,5.0,1.0,1.0,3.0,1.0,12.0,40.0,3.0,3.0,4.0,3.0,3.0,4,4.0,2.0,26.0,65.0
42653,mid,F,disloyal,36,business,eco plus,223,11,1,10,recovered,neutral or dissatisfied,False,3.0,1.0,3.0,3.0,2.0,3.0,15.0,50.0,4.0,4.0,2.0,3.0,3.0,3,4.0,3.0,26.0,65.0
127208,mid,F,disloyal,37,business,eco plus,251,13,11,2,recovered,neutral or dissatisfied,False,1.0,4.0,1.0,1.0,1.0,1.0,9.0,30.0,3.0,3.0,4.0,1.0,1.0,3,3.0,1.0,19.0,47.5
58244,mid,M,disloyal,14,business,eco plus,925,32,19,13,recovered,neutral or dissatisfied,False,1.0,4.0,1.0,1.0,1.0,1.0,9.0,30.0,4.0,3.0,1.0,,,4,3.0,3.0,18.0,45.0
26736,mid,F,disloyal,25,business,eco plus,406,9,5,4,recovered,neutral or dissatisfied,False,2.0,5.0,4.0,4.0,2.0,4.0,21.0,70.0,4.0,4.0,4.0,2.0,2.0,4,4.0,1.0,25.0,62.5
1379,mid,M,disloyal,36,business,eco plus,134,0,0,0,same,neutral or dissatisfied,False,4.0,5.0,4.0,4.0,2.0,4.0,23.0,76.67,2.0,3.0,1.0,2.0,2.0,3,4.0,2.0,19.0,47.5
34231,mid,F,disloyal,26,business,eco plus,1237,0,0,0,same,neutral or dissatisfied,False,5.0,5.0,5.0,5.0,1.0,5.0,26.0,86.67,4.0,1.0,2.0,1.0,1.0,4,2.0,1.0,16.0,40.0
47998,mid,F,disloyal,28,business,eco plus,550,0,0,0,same,neutral or dissatisfied,False,5.0,3.0,5.0,5.0,4.0,5.0,27.0,90.0,2.0,3.0,3.0,4.0,4.0,3,4.0,4.0,27.0,67.5
51922,mid,F,disloyal,36,business,eco plus,601,0,0,0,same,neutral or dissatisfied,False,3.0,2.0,3.0,3.0,2.0,3.0,16.0,53.33,5.0,4.0,3.0,2.0,2.0,4,5.0,2.0,27.0,67.5
22518,mid,F,disloyal,36,business,eco plus,238,0,0,0,same,neutral or dissatisfied,False,3.0,1.0,3.0,3.0,1.0,3.0,14.0,46.67,1.0,1.0,2.0,1.0,1.0,2,3.0,1.0,12.0,30.0
104681,mid,F,disloyal,25,business,eco plus,641,0,0,0,same,neutral or dissatisfied,False,3.0,4.0,4.0,4.0,3.0,4.0,22.0,73.33,2.0,3.0,2.0,3.0,3.0,2,3.0,2.0,20.0,50.0
18281,mid,F,disloyal,69,business,eco plus,228,0,0,0,same,neutral or dissatisfied,False,2.0,2.0,2.0,2.0,2.0,2.0,12.0,40.0,2.0,5.0,4.0,2.0,2.0,3,1.0,2.0,21.0,52.5
93958,mid,F,disloyal,50,business,eco plus,107,0,0,0,same,neutral or dissatisfied,False,4.0,2.0,3.0,3.0,2.0,3.0,17.0,56.67,4.0,1.0,5.0,2.0,2.0,1,4.0,2.0,21.0,52.5
31897,mid,F,disloyal,30,business,eco plus,2762,1,0,1,recovered,neutral or dissatisfied,False,5.0,4.0,5.0,5.0,2.0,5.0,26.0,86.67,2.0,1.0,3.0,2.0,2.0,4,3.0,2.0,19.0,47.5
37195,mid,F,disloyal,50,business,eco plus,1046,10,8,2,recovered,neutral or dissatisfied,False,2.0,1.0,2.0,2.0,1.0,2.0,10.0,33.33,4.0,4.0,1.0,1.0,1.0,3,4.0,1.0,19.0,47.5
22219,mid,F,disloyal,72,business,eco plus,533,0,0,0,same,neutral or dissatisfied,False,3.0,1.0,3.0,3.0,4.0,3.0,17.0,56.67,3.0,5.0,1.0,4.0,4.0,5,4.0,4.0,30.0,75.0
21142,mid,M,disloyal,20,business,eco plus,106,10,10,0,same,neutral or dissatisfied,False,5.0,2.0,5.0,5.0,2.0,5.0,24.0,80.0,1.0,1.0,2.0,2.0,2.0,1,1.0,1.0,11.0,27.5
41058,mid,F,disloyal,39,business,eco plus,686,0,0,0,same,neutral or dissatisfied,False,1.0,2.0,1.0,1.0,3.0,1.0,9.0,30.0,2.0,1.0,4.0,3.0,3.0,2,1.0,3.0,19.0,47.5
30182,mid,F,disloyal,35,business,eco plus,213,0,5,-5,worsened,neutral or dissatisfied,False,3.0,4.0,3.0,3.0,1.0,3.0,17.0,56.67,1.0,1.0,1.0,1.0,1.0,3,4.0,1.0,13.0,32.5
106506,mid,F,disloyal,15,business,eco plus,495,25,20,5,recovered,neutral or dissatisfied,False,5.0,5.0,5.0,5.0,3.0,5.0,28.0,93.33,1.0,3.0,1.0,3.0,3.0,4,3.0,2.0,20.0,50.0
57289,mid,M,disloyal,25,business,eco plus,628,0,0,0,same,neutral or dissatisfied,False,3.0,4.0,3.0,3.0,4.0,3.0,20.0,66.67,2.0,3.0,3.0,4.0,4.0,4,4.0,1.0,25.0,62.5
103895,mid,M,disloyal,27,business,eco plus,1056,16,1,15,recovered,neutral or dissatisfied,False,5.0,1.0,5.0,5.0,2.0,5.0,23.0,76.67,3.0,3.0,1.0,2.0,2.0,3,4.0,2.0,20.0,50.0
57811,mid,F,disloyal,35,business,eco plus,1235,33,17,16,recovered,neutral or dissatisfied,False,1.0,1.0,1.0,1.0,2.0,1.0,7.0,23.33,2.0,4.0,1.0,2.0,2.0,4,3.0,2.0,20.0,50.0
27927,mid,F,disloyal,24,business,eco plus,689,0,0,0,same,neutral or dissatisfied,False,2.0,2.0,2.0,2.0,4.0,2.0,14.0,46.67,4.0,2.0,1.0,3.0,3.0,2,2.0,,17.0,42.5
31739,mid,F,disloyal,46,business,eco plus,853,2,0,2,recovered,neutral or dissatisfied,False,1.0,3.0,1.0,1.0,4.0,1.0,11.0,36.67,4.0,4.0,5.0,4.0,4.0,2,3.0,4.0,30.0,75.0
80889,mid,F,disloyal,39,business,eco plus,292,0,4,-4,worsened,satisfied,True,4.0,5.0,4.0,4.0,3.0,4.0,24.0,80.0,2.0,5.0,5.0,3.0,3.0,1,3.0,3.0,25.0,62.5
33188,mid,F,disloyal,33,business,eco plus,101,0,0,0,same,neutral or dissatisfied,False,4.0,4.0,4.0,4.0,2.0,4.0,22.0,73.33,3.0,4.0,1.0,1.0,1.0,3,1.0,1.0,15.0,37.5
65269,mid,F,disloyal,24,business,eco plus,247,0,0,0,same,satisfied,True,2.0,5.0,2.0,2.0,5.0,2.0,18.0,60.0,4.0,3.0,5.0,5.0,5.0,1,3.0,,26.0,65.0
43518,mid,M,disloyal,44,business,eco plus,752,0,0,0,same,neutral or dissatisfied,False,3.0,2.0,3.0,3.0,1.0,3.0,15.0,50.0,2.0,3.0,2.0,1.0,1.0,1,2.0,1.0,13.0,32.5
22900,mid,F,disloyal,38,business,eco plus,151,0,0,0,same,satisfied,True,2.0,1.0,2.0,2.0,4.0,2.0,13.0,43.33,3.0,2.0,2.0,4.0,4.0,4,4.0,4.0,27.0,67.5
22528,mid,F,disloyal,34,business,eco plus,143,0,0,0,same,neutral or dissatisfied,False,3.0,3.0,3.0,3.0,1.0,3.0,16.0,53.33,3.0,3.0,2.0,1.0,1.0,4,3.0,1.0,18.0,45.0
18707,mid,F,disloyal,26,business,eco plus,383,0,0,0,same,neutral or dissatisfied,False,3.0,3.0,3.0,3.0,3.0,3.0,18.0,60.0,1.0,5.0,2.0,3.0,3.0,4,3.0,,21.0,52.5
125371,mid,F,disloyal,29,business,eco plus,599,30,22,8,recovered,neutral or dissatisfied,False,1.0,5.0,2.0,2.0,2.0,2.0,14.0,46.67,3.0,3.0,1.0,2.0,2.0,4,4.0,2.0,21.0,52.5
28220,mid,F,disloyal,20,business,eco plus,473,0,0,0,same,neutral or dissatisfied,False,2.0,4.0,2.0,2.0,2.0,2.0,14.0,46.67,3.0,1.0,1.0,2.0,2.0,1,1.0,4.0,15.0,37.5
43124,mid,F,disloyal,23,business,eco plus,391,0,0,0,same,satisfied,True,2.0,1.0,2.0,2.0,4.0,2.0,13.0,43.33,5.0,4.0,3.0,4.0,4.0,3,3.0,1.0,27.0,67.5
20879,mid,F,disloyal,32,business,eco plus,357,0,9,-9,worsened,neutral or dissatisfied,False,5.0,5.0,5.0,5.0,2.0,5.0,27.0,90.0,5.0,4.0,1.0,2.0,2.0,3,2.0,2.0,21.0,52.5
22018,mid,F,disloyal,47,business,eco plus,448,0,0,0,same,neutral or dissatisfied,False,1.0,2.0,1.0,1.0,2.0,1.0,8.0,26.67,5.0,2.0,1.0,2.0,1.0,1,4.0,1.0,17.0,42.5
36107,mid,F,disloyal,32,business,eco plus,413,0,0,0,same,neutral or dissatisfied,False,2.0,5.0,2.0,2.0,3.0,2.0,16.0,53.33,2.0,5.0,1.0,3.0,3.0,5,1.0,3.0,23.0,57.5
126429,mid,M,disloyal,30,business,eco plus,507,0,0,0,same,neutral or dissatisfied,False,1.0,2.0,1.0,1.0,1.0,1.0,7.0,23.33,3.0,4.0,3.0,2.0,2.0,2,4.0,2.0,22.0,55.0
37761,mid,F,disloyal,18,business,eco plus,1005,8,0,8,recovered,neutral or dissatisfied,False,3.0,3.0,1.0,1.0,3.0,1.0,12.0,40.0,1.0,2.0,3.0,2.0,2.0,3,1.0,3.0,17.0,42.5
91978,mid,F,disloyal,18,business,eco plus,1225,0,5,-5,worsened,satisfied,True,2.0,1.0,2.0,2.0,5.0,2.0,14.0,46.67,1.0,5.0,2.0,5.0,5.0,2,5.0,,25.0,62.5
48618,mid,F,disloyal,34,business,eco plus,833,0,0,0,same,neutral or dissatisfied,False,3.0,4.0,5.0,5.0,1.0,5.0,23.0,76.67,3.0,2.0,2.0,1.0,1.0,3,5.0,1.0,18.0,45.0
106199,mid,F,disloyal,64,business,eco plus,302,0,0,0,same,neutral or dissatisfied,False,1.0,3.0,1.0,1.0,2.0,1.0,9.0,30.0,3.0,3.0,2.0,2.0,1.0,3,3.0,1.0,18.0,45.0
92846,mid,F,disloyal,42,business,eco plus,1587,0,0,0,same,neutral or dissatisfied,False,5.0,1.0,5.0,5.0,3.0,5.0,24.0,80.0,2.0,4.0,3.0,3.0,3.0,3,3.0,3.0,24.0,60.0
25320,mid,F,disloyal,30,business,eco plus,432,2,0,2,recovered,neutral or dissatisfied,False,3.0,4.0,3.0,3.0,2.0,3.0,18.0,60.0,4.0,4.0,4.0,2.0,2.0,5,3.0,2.0,26.0,65.0
51919,mid,F,disloyal,38,business,eco plus,507,0,11,-11,worsened,neutral or dissatisfied,False,1.0,5.0,1.0,1.0,4.0,1.0,13.0,43.33,2.0,5.0,5.0,4.0,4.0,4,4.0,4.0,32.0,80.0
26475,mid,F,disloyal,35,business,eco plus,925,22,0,22,recovered,neutral or dissatisfied,False,5.0,3.0,5.0,5.0,2.0,5.0,25.0,83.33,3.0,2.0,3.0,2.0,2.0,1,5.0,2.0,20.0,50.0
16686,mid,F,disloyal,27,business,eco plus,488,0,0,0,same,neutral or dissatisfied,False,5.0,4.0,5.0,5.0,2.0,5.0,26.0,86.67,5.0,2.0,1.0,2.0,2.0,3,4.0,2.0,21.0,52.5
25939,mid,F,disloyal,23,business,eco plus,594,3,0,3,recovered,neutral or dissatisfied,False,4.0,1.0,1.0,1.0,2.0,1.0,10.0,33.33,1.0,2.0,2.0,2.0,2.0,4,2.0,,15.0,37.5
97,mid,F,disloyal,18,business,eco plus,215,0,0,0,same,neutral or dissatisfied,False,1.0,4.0,1.0,1.0,3.0,1.0,11.0,36.67,1.0,5.0,2.0,3.0,3.0,1,3.0,5.0,23.0,57.5
51215,mid,F,disloyal,43,business,eco plus,56,0,0,0,same,neutral or dissatisfied,False,4.0,2.0,4.0,4.0,1.0,4.0,19.0,63.33,5.0,3.0,3.0,1.0,1.0,5,2.0,1.0,21.0,52.5
116717,mid,F,disloyal,16,business,eco plus,342,0,0,0,same,neutral or dissatisfied,False,4.0,1.0,4.0,4.0,3.0,4.0,20.0,66.67,5.0,4.0,2.0,3.0,3.0,2,3.0,,22.0,55.0
47557,mid,F,disloyal,41,business,eco plus,584,0,0,0,same,neutral or dissatisfied,False,5.0,3.0,5.0,5.0,4.0,5.0,27.0,90.0,2.0,3.0,1.0,4.0,4.0,3,3.0,4.0,24.0,60.0
53074,mid,F,disloyal,26,business,eco plus,1208,17,10,7,recovered,neutral or dissatisfied,False,5.0,2.0,5.0,5.0,2.0,5.0,24.0,80.0,3.0,5.0,1.0,2.0,2.0,5,4.0,2.0,24.0,60.0
63471,mid,F,disloyal,59,business,eco plus,337,22,21,1,recovered,neutral or dissatisfied,False,5.0,3.0,5.0,5.0,3.0,5.0,26.0,86.67,1.0,2.0,4.0,3.0,3.0,1,1.0,3.0,18.0,45.0
48266,mid,M,disloyal,38,business,eco plus,259,13,1,12,recovered,neutral or dissatisfied,False,5.0,3.0,5.0,5.0,3.0,5.0,26.0,86.67,1.0,5.0,2.0,3.0,3.0,4,2.0,3.0,23.0,57.5
35603,mid,F,disloyal,25,business,eco plus,610,7,15,-8,worsened,neutral or dissatisfied,False,5.0,4.0,5.0,5.0,1.0,5.0,25.0,83.33,5.0,1.0,1.0,1.0,1.0,1,1.0,4.0,15.0,37.5
24355,mid,M,disloyal,23,business,eco plus,634,0,0,0,same,satisfied,True,4.0,4.0,4.0,4.0,5.0,4.0,25.0,83.33,4.0,2.0,4.0,5.0,5.0,5,1.0,4.0,30.0,75.0
18756,mid,F,disloyal,25,business,eco plus,1167,0,0,0,same,satisfied,True,5.0,2.0,5.0,5.0,,5.0,22.0,73.33,2.0,3.0,2.0,,,1,5.0,3.0,16.0,40.0
36466,mid,F,disloyal,48,business,eco plus,867,0,0,0,same,neutral or dissatisfied,False,5.0,4.0,5.0,5.0,3.0,5.0,27.0,90.0,4.0,5.0,5.0,3.0,3.0,3,3.0,3.0,29.0,72.5
63470,mid,F,disloyal,19,business,eco plus,447,0,11,-11,worsened,neutral or dissatisfied,False,5.0,2.0,5.0,5.0,2.0,5.0,24.0,80.0,4.0,3.0,3.0,2.0,2.0,3,3.0,2.0,22.0,55.0
17453,mid,F,disloyal,27,business,eco plus,376,0,0,0,same,neutral or dissatisfied,False,2.0,4.0,2.0,2.0,4.0,2.0,16.0,53.33,2.0,3.0,2.0,4.0,4.0,4,4.0,4.0,27.0,67.5
106239,mid,F,disloyal,25,business,eco plus,471,0,0,0,same,neutral or dissatisfied,False,2.0,1.0,2.0,2.0,3.0,2.0,12.0,40.0,1.0,3.0,3.0,3.0,3.0,4,3.0,4.0,24.0,60.0
21263,mid,M,disloyal,37,business,eco plus,503,24,27,-3,worsened,neutral or dissatisfied,False,5.0,5.0,5.0,5.0,1.0,5.0,26.0,86.67,4.0,5.0,1.0,1.0,1.0,2,2.0,1.0,17.0,42.5
55186,mid,F,disloyal,29,business,eco plus,1379,2,0,2,recovered,neutral or dissatisfied,False,2.0,3.0,2.0,2.0,2.0,2.0,13.0,43.33,1.0,4.0,3.0,2.0,2.0,3,4.0,2.0,21.0,52.5
58667,mid,F,disloyal,36,business,eco plus,467,0,0,0,same,neutral or dissatisfied,False,1.0,5.0,1.0,1.0,1.0,1.0,10.0,33.33,5.0,4.0,5.0,1.0,1.0,2,4.0,1.0,23.0,57.5
14513,mid,M,disloyal,28,business,eco plus,402,3,3,0,same,neutral or dissatisfied,False,3.0,4.0,2.0,2.0,1.0,2.0,14.0,46.67,5.0,2.0,4.0,2.0,2.0,3,1.0,2.0,21.0,52.5
28489,mid,F,disloyal,15,business,eco plus,1739,0,0,0,same,satisfied,True,2.0,5.0,2.0,2.0,5.0,2.0,18.0,60.0,5.0,4.0,3.0,5.0,5.0,5,3.0,,30.0,75.0
24396,mid,F,disloyal,37,business,eco plus,669,0,0,0,same,neutral or dissatisfied,False,5.0,2.0,5.0,5.0,4.0,5.0,26.0,86.67,4.0,2.0,5.0,4.0,4.0,1,3.0,4.0,27.0,67.5
124442,mid,F,disloyal,25,business,eco plus,1044,0,0,0,same,neutral or dissatisfied,False,4.0,5.0,5.0,5.0,3.0,5.0,27.0,90.0,4.0,3.0,4.0,3.0,3.0,3,3.0,4.0,27.0,67.5
51827,mid,F,disloyal,23,business,eco plus,370,0,0,0,same,satisfied,True,2.0,4.0,5.0,5.0,,5.0,21.0,70.0,2.0,4.0,4.0,,,3,1.0,,14.0,35.0
8438,mid,F,disloyal,21,business,eco plus,862,10,2,8,recovered,neutral or dissatisfied,False,5.0,2.0,5.0,5.0,3.0,5.0,25.0,83.33,2.0,3.0,2.0,3.0,3.0,3,4.0,1.0,21.0,52.5
28446,mid,F,disloyal,28,business,eco plus,2496,0,0,0,same,neutral or dissatisfied,False,4.0,2.0,3.0,2.0,3.0,4.0,18.0,60.0,2.0,4.0,4.0,4.0,3.0,3,4.0,3.0,27.0,67.5
30185,mid,M,disloyal,37,business,eco plus,253,13,12,1,recovered,neutral or dissatisfied,False,4.0,4.0,4.0,4.0,1.0,4.0,21.0,70.0,1.0,3.0,5.0,,,3,4.0,,16.0,40.0
57713,mid,F,disloyal,26,business,eco plus,867,0,0,0,same,neutral or dissatisfied,False,2.0,3.0,2.0,2.0,3.0,2.0,14.0,46.67,1.0,3.0,2.0,3.0,3.0,4,4.0,3.0,23.0,57.5
44026,mid,M,disloyal,40,business,eco plus,680,4,0,4,recovered,satisfied,True,2.0,4.0,2.0,2.0,5.0,2.0,17.0,56.67,1.0,1.0,3.0,5.0,5.0,1,3.0,5.0,24.0,60.0
127515,mid,F,disloyal,55,business,eco plus,2075,0,0,0,same,neutral or dissatisfied,False,3.0,4.0,3.0,3.0,2.0,3.0,18.0,60.0,2.0,3.0,3.0,2.0,2.0,2,3.0,2.0,19.0,47.5
44473,mid,M,disloyal,38,business,eco plus,196,0,0,0,same,neutral or dissatisfied,False,2.0,1.0,2.0,2.0,4.0,2.0,13.0,43.33,1.0,1.0,3.0,4.0,4.0,2,2.0,4.0,21.0,52.5
7034,mid,F,disloyal,36,business,eco plus,299,0,22,-22,worsened,neutral or dissatisfied,False,2.0,4.0,4.0,4.0,4.0,4.0,22.0,73.33,2.0,3.0,4.0,4.0,4.0,4,3.0,4.0,28.0,70.0
53330,mid,M,disloyal,42,business,eco plus,758,0,0,0,same,neutral or dissatisfied,False,2.0,3.0,2.0,2.0,4.0,2.0,15.0,50.0,5.0,1.0,4.0,4.0,4.0,1,4.0,4.0,27.0,67.5
25743,mid,F,disloyal,25,business,eco plus,432,14,21,-7,worsened,neutral or dissatisfied,False,5.0,2.0,5.0,5.0,4.0,5.0,26.0,86.67,3.0,2.0,1.0,4.0,4.0,3,3.0,,20.0,50.0
36804,mid,F,disloyal,10,business,eco plus,2588,0,0,0,same,neutral or dissatisfied,False,5.0,4.0,1.0,2.0,1.0,5.0,18.0,60.0,4.0,2.0,5.0,5.0,1.0,2,1.0,,20.0,50.0
57377,mid,M,disloyal,35,business,eco plus,414,13,11,2,recovered,neutral or dissatisfied,False,1.0,4.0,1.0,1.0,1.0,1.0,9.0,30.0,2.0,2.0,3.0,2.0,2.0,3,3.0,2.0,19.0,47.5
110705,mid,F,disloyal,36,business,eco plus,605,22,16,6,recovered,neutral or dissatisfied,False,3.0,4.0,3.0,3.0,3.0,3.0,19.0,63.33,1.0,3.0,4.0,3.0,3.0,4,3.0,3.0,24.0,60.0
34233,mid,F,disloyal,25,business,eco plus,1237,20,9,11,recovered,neutral or dissatisfied,False,1.0,4.0,1.0,1.0,4.0,1.0,12.0,40.0,2.0,4.0,4.0,4.0,4.0,4,3.0,1.0,26.0,65.0
20991,mid,M,disloyal,40,business,eco plus,689,0,1,-1,worsened,neutral or dissatisfied,False,3.0,1.0,3.0,3.0,1.0,3.0,14.0,46.67,1.0,4.0,3.0,,,4,3.0,,15.0,37.5
26256,mid,F,disloyal,29,business,eco plus,406,24,20,4,recovered,neutral or dissatisfied,False,3.0,2.0,3.0,3.0,3.0,3.0,17.0,56.67,3.0,3.0,4.0,3.0,3.0,2,2.0,3.0,23.0,57.5
51253,mid,F,disloyal,26,business,eco plus,110,0,0,0,same,neutral or dissatisfied,False,4.0,3.0,5.0,5.0,2.0,5.0,24.0,80.0,3.0,1.0,4.0,2.0,2.0,5,2.0,,19.0,47.5
34316,mid,F,disloyal,39,business,eco plus,280,0,0,0,same,neutral or dissatisfied,False,3.0,2.0,3.0,3.0,4.0,3.0,18.0,60.0,3.0,3.0,1.0,4.0,4.0,4,3.0,4.0,26.0,65.0
23193,mid,F,disloyal,25,business,eco plus,250,0,0,0,same,neutral or dissatisfied,False,1.0,1.0,1.0,1.0,2.0,1.0,7.0,23.33,3.0,4.0,4.0,2.0,2.0,2,4.0,5.0,26.0,65.0
51229,mid,F,disloyal,32,business,eco plus,193,0,0,0,same,neutral or dissatisfied,False,3.0,2.0,2.0,2.0,2.0,2.0,13.0,43.33,3.0,2.0,4.0,2.0,2.0,3,1.0,2.0,19.0,47.5
33241,mid,M,disloyal,25,business,eco plus,101,7,7,0,same,neutral or dissatisfied,False,2.0,5.0,2.0,2.0,1.0,2.0,14.0,46.67,2.0,4.0,2.0,1.0,1.0,3,3.0,1.0,17.0,42.5
37798,mid,F,disloyal,38,business,eco plus,572,0,0,0,same,neutral or dissatisfied,False,5.0,2.0,3.0,3.0,2.0,3.0,18.0,60.0,5.0,5.0,5.0,2.0,2.0,1,1.0,2.0,23.0,57.5
97392,mid,F,disloyal,45,business,eco plus,843,0,0,0,same,neutral or dissatisfied,False,2.0,4.0,2.0,2.0,1.0,2.0,13.0,43.33,2.0,3.0,2.0,1.0,1.0,4,4.0,1.0,18.0,45.0
19038,mid,M,disloyal,12,business,eco plus,788,2,18,-16,worsened,neutral or dissatisfied,False,4.0,4.0,4.0,4.0,2.0,4.0,22.0,73.33,2.0,3.0,3.0,2.0,2.0,4,4.0,,20.0,50.0
46767,mid,F,disloyal,75,business,eco plus,125,0,0,0,same,neutral or dissatisfied,False,1.0,5.0,1.0,1.0,1.0,1.0,10.0,33.33,5.0,2.0,2.0,1.0,2.0,5,2.0,2.0,21.0,52.5
48627,mid,F,disloyal,36,business,eco plus,548,0,0,0,same,neutral or dissatisfied,False,4.0,1.0,4.0,4.0,4.0,4.0,21.0,70.0,5.0,3.0,3.0,4.0,4.0,5,3.0,4.0,31.0,77.5
77475,mid,F,disloyal,55,business,eco plus,107,0,0,0,same,neutral or dissatisfied,False,1.0,4.0,3.0,3.0,3.0,3.0,17.0,56.67,4.0,4.0,2.0,3.0,3.0,4,3.0,3.0,26.0,65.0
12962,mid,M,disloyal,50,business,eco plus,674,0,0,0,same,neutral or dissatisfied,False,3.0,5.0,1.0,1.0,2.0,1.0,13.0,43.33,4.0,3.0,2.0,2.0,2.0,4,3.0,2.0,22.0,55.0
54446,mid,F,disloyal,49,business,eco plus,305,0,0,0,same,neutral or dissatisfied,False,1.0,4.0,1.0,1.0,4.0,1.0,12.0,40.0,4.0,5.0,1.0,4.0,5.0,2,2.0,5.0,28.0,70.0
79733,mid,F,disloyal,49,business,eco plus,712,0,0,0,same,neutral or dissatisfied,False,5.0,3.0,1.0,1.0,2.0,1.0,13.0,43.33,3.0,4.0,4.0,2.0,2.0,4,4.0,2.0,25.0,62.5
74811,mid,F,disloyal,39,business,eco plus,1031,0,0,0,same,neutral or dissatisfied,False,3.0,4.0,3.0,3.0,1.0,3.0,17.0,56.67,2.0,1.0,5.0,1.0,1.0,2,3.0,1.0,16.0,40.0
88787,mid,F,disloyal,45,business,eco plus,594,13,12,1,recovered,neutral or dissatisfied,False,4.0,2.0,4.0,4.0,3.0,4.0,21.0,70.0,3.0,3.0,2.0,3.0,2.0,3,3.0,2.0,21.0,52.5
125257,mid,F,disloyal,34,business,eco plus,427,0,0,0,same,neutral or dissatisfied,False,3.0,2.0,3.0,3.0,2.0,3.0,16.0,53.33,3.0,3.0,1.0,3.0,3.0,4,3.0,3.0,23.0,57.5
87015,mid,M,disloyal,24,business,eco plus,907,0,17,-17,worsened,neutral or dissatisfied,False,2.0,5.0,2.0,2.0,1.0,2.0,14.0,46.67,2.0,3.0,2.0,1.0,1.0,4,4.0,2.0,19.0,47.5
51352,mid,F,disloyal,38,business,eco plus,308,22,17,5,recovered,neutral or dissatisfied,False,4.0,2.0,4.0,4.0,2.0,4.0,20.0,66.67,3.0,4.0,1.0,2.0,2.0,4,3.0,2.0,21.0,52.5
20596,mid,F,disloyal,7,business,eco plus,606,22,24,-2,worsened,neutral or dissatisfied,False,1.0,2.0,1.0,1.0,4.0,1.0,10.0,33.33,1.0,4.0,3.0,4.0,4.0,3,4.0,,23.0,57.5
51342,mid,M,disloyal,27,business,eco plus,109,0,0,0,same,neutral or dissatisfied,False,2.0,4.0,2.0,2.0,2.0,2.0,14.0,46.67,2.0,4.0,5.0,2.0,2.0,3,4.0,2.0,24.0,60.0
34031,mid,F,disloyal,62,business,eco plus,1598,0,5,-5,worsened,neutral or dissatisfied,False,3.0,4.0,3.0,3.0,1.0,3.0,17.0,56.67,3.0,4.0,1.0,1.0,1.0,5,1.0,1.0,17.0,42.5
33229,mid,F,disloyal,39,business,eco plus,101,0,0,0,same,satisfied,True,1.0,1.0,1.0,1.0,4.0,1.0,9.0,30.0,5.0,3.0,4.0,4.0,4.0,5,4.0,4.0,33.0,82.5
108023,mid,F,disloyal,29,business,eco plus,589,0,0,0,same,neutral or dissatisfied,False,1.0,5.0,4.0,4.0,1.0,4.0,19.0,63.33,3.0,3.0,4.0,1.0,1.0,4,3.0,1.0,20.0,50.0
59241,mid,M,disloyal,30,business,eco plus,649,13,10,3,recovered,neutral or dissatisfied,False,5.0,5.0,5.0,5.0,3.0,5.0,28.0,93.33,2.0,4.0,2.0,3.0,3.0,1,1.0,3.0,19.0,47.5
33181,mid,F,disloyal,57,business,eco plus,216,0,0,0,same,neutral or dissatisfied,False,4.0,3.0,5.0,5.0,1.0,5.0,23.0,76.67,4.0,5.0,2.0,1.0,1.0,1,3.0,1.0,18.0,45.0
18966,mid,F,disloyal,55,business,eco plus,151,0,0,0,same,neutral or dissatisfied,False,5.0,3.0,4.0,4.0,4.0,4.0,24.0,80.0,5.0,1.0,5.0,4.0,4.0,4,3.0,4.0,30.0,75.0
104637,mid,F,disloyal,25,business,eco plus,861,0,0,0,same,neutral or dissatisfied,False,1.0,4.0,1.0,1.0,2.0,1.0,10.0,33.33,3.0,3.0,4.0,1.0,1.0,4,3.0,,19.0,47.5
29177,mid,F,disloyal,22,business,eco plus,954,0,0,0,same,neutral or dissatisfied,False,4.0,5.0,4.0,4.0,1.0,4.0,22.0,73.33,2.0,3.0,4.0,,,3,3.0,1.0,16.0,40.0
118843,mid,F,disloyal,29,business,eco plus,338,0,0,0,same,neutral or dissatisfied,False,1.0,4.0,1.0,1.0,2.0,1.0,10.0,33.33,4.0,4.0,2.0,2.0,2.0,4,4.0,2.0,24.0,60.0
15523,mid,F,disloyal,37,business,eco plus,164,33,28,5,recovered,neutral or dissatisfied,False,5.0,2.0,5.0,5.0,3.0,5.0,25.0,83.33,4.0,3.0,4.0,3.0,3.0,4,4.0,3.0,28.0,70.0
79141,mid,F,disloyal,22,business,eco plus,226,0,0,0,same,neutral or dissatisfied,False,1.0,3.0,1.0,1.0,3.0,1.0,10.0,33.33,1.0,5.0,3.0,4.0,4.0,4,3.0,,24.0,60.0
72313,mid,F,disloyal,20,business,eco plus,521,0,0,0,same,satisfied,True,4.0,2.0,4.0,4.0,4.0,4.0,22.0,73.33,5.0,3.0,5.0,4.0,4.0,1,1.0,5.0,28.0,70.0
47551,mid,F,disloyal,45,business,eco plus,599,10,0,10,recovered,neutral or dissatisfied,False,4.0,5.0,4.0,4.0,2.0,4.0,23.0,76.67,3.0,4.0,4.0,2.0,2.0,3,3.0,2.0,23.0,57.5
84287,mid,F,disloyal,56,business,eco plus,349,7,0,7,recovered,satisfied,True,4.0,2.0,1.0,1.0,4.0,1.0,13.0,43.33,2.0,2.0,5.0,4.0,4.0,1,4.0,4.0,26.0,65.0
110606,mid,M,disloyal,24,business,eco plus,488,3,0,3,recovered,neutral or dissatisfied,False,2.0,5.0,3.0,3.0,1.0,3.0,17.0,56.67,2.0,3.0,4.0,,,3,3.0,2.0,17.0,42.5
23206,mid,F,disloyal,25,business,eco plus,223,0,0,0,same,neutral or dissatisfied,False,3.0,4.0,3.0,3.0,2.0,3.0,18.0,60.0,2.0,5.0,3.0,2.0,2.0,1,2.0,3.0,20.0,50.0
116719,mid,F,disloyal,30,business,eco plus,342,0,0,0,same,neutral or dissatisfied,False,4.0,5.0,4.0,4.0,3.0,4.0,24.0,80.0,1.0,5.0,1.0,4.0,4.0,2,4.0,4.0,25.0,62.5
44556,mid,F,disloyal,26,business,eco plus,128,0,0,0,same,satisfied,True,2.0,2.0,2.0,2.0,5.0,2.0,15.0,50.0,4.0,5.0,5.0,5.0,5.0,2,1.0,5.0,32.0,80.0
57739,mid,F,disloyal,25,business,eco plus,1754,0,0,0,same,neutral or dissatisfied,False,4.0,4.0,5.0,5.0,1.0,5.0,24.0,80.0,3.0,4.0,2.0,1.0,1.0,2,4.0,4.0,21.0,52.5
51185,mid,F,disloyal,32,business,eco plus,158,0,0,0,same,neutral or dissatisfied,False,2.0,4.0,4.0,4.0,2.0,4.0,20.0,66.67,2.0,3.0,2.0,2.0,2.0,2,1.0,2.0,16.0,40.0
51921,mid,F,disloyal,29,business,eco plus,507,0,0,0,same,neutral or dissatisfied,False,3.0,4.0,3.0,3.0,4.0,3.0,20.0,66.67,5.0,3.0,2.0,4.0,4.0,2,3.0,4.0,27.0,67.5
30614,mid,F,disloyal,28,business,eco plus,472,0,0,0,same,satisfied,True,3.0,3.0,3.0,3.0,,3.0,15.0,50.0,3.0,2.0,2.0,,,4,1.0,,12.0,30.0
76037,mid,F,disloyal,37,business,eco plus,311,0,0,0,same,neutral or dissatisfied,False,5.0,5.0,1.0,1.0,3.0,1.0,16.0,53.33,4.0,2.0,3.0,3.0,3.0,2,5.0,3.0,25.0,62.5
11802,mid,M,disloyal,17,business,eco plus,395,0,0,0,same,neutral or dissatisfied,False,1.0,3.0,1.0,1.0,2.0,1.0,9.0,30.0,1.0,2.0,3.0,2.0,2.0,5,2.0,3.0,20.0,50.0
33459,mid,M,disloyal,43,business,eco plus,2409,0,10,-10,worsened,neutral or dissatisfied,False,4.0,3.0,2.0,4.0,2.0,4.0,19.0,63.33,5.0,5.0,4.0,1.0,2.0,5,3.0,2.0,27.0,67.5
40938,mid,F,disloyal,35,business,eco plus,590,19,19,0,same,neutral or dissatisfied,False,1.0,1.0,3.0,3.0,2.0,3.0,13.0,43.33,1.0,4.0,4.0,2.0,2.0,4,4.0,2.0,23.0,57.5
23871,mid,F,disloyal,26,business,eco plus,522,0,10,-10,worsened,neutral or dissatisfied,False,3.0,1.0,3.0,3.0,3.0,3.0,16.0,53.33,1.0,3.0,3.0,3.0,3.0,3,4.0,3.0,23.0,57.5
30664,mid,F,disloyal,22,business,eco plus,770,0,29,-29,worsened,neutral or dissatisfied,False,2.0,5.0,2.0,2.0,2.0,2.0,15.0,50.0,2.0,2.0,1.0,1.0,1.0,5,4.0,5.0,21.0,52.5
7041,mid,M,disloyal,19,business,eco plus,196,21,10,11,recovered,neutral or dissatisfied,False,2.0,5.0,2.0,2.0,4.0,2.0,17.0,56.67,4.0,4.0,3.0,4.0,4.0,3,4.0,2.0,28.0,70.0
40133,mid,M,disloyal,25,business,eco plus,200,0,0,0,same,neutral or dissatisfied,False,1.0,3.0,4.0,4.0,3.0,4.0,19.0,63.33,4.0,4.0,3.0,3.0,3.0,5,1.0,,23.0,57.5
74845,mid,M,disloyal,37,business,eco plus,297,0,0,0,same,neutral or dissatisfied,False,2.0,2.0,4.0,4.0,1.0,4.0,17.0,56.67,5.0,2.0,4.0,1.0,1.0,1,4.0,1.0,19.0,47.5
44056,mid,M,disloyal,37,business,eco plus,237,5,9,-4,worsened,neutral or dissatisfied,False,2.0,4.0,2.0,2.0,1.0,2.0,13.0,43.33,4.0,3.0,4.0,1.0,1.0,3,4.0,1.0,21.0,52.5
21556,mid,F,disloyal,25,business,eco plus,399,0,0,0,same,neutral or dissatisfied,False,1.0,2.0,2.0,2.0,3.0,2.0,12.0,40.0,2.0,5.0,1.0,3.0,3.0,2,4.0,4.0,24.0,60.0
81373,mid,F,disloyal,26,business,eco plus,282,6,1,5,recovered,neutral or dissatisfied,False,5.0,4.0,5.0,5.0,2.0,5.0,26.0,86.67,2.0,4.0,3.0,2.0,2.0,4,4.0,2.0,23.0,57.5
60190,mid,M,disloyal,29,business,eco plus,1197,0,0,0,same,neutral or dissatisfied,False,1.0,4.0,5.0,5.0,3.0,5.0,23.0,76.67,3.0,4.0,4.0,4.0,4.0,3,4.0,4.0,30.0,75.0
51223,mid,F,disloyal,37,business,eco plus,86,0,0,0,same,neutral or dissatisfied,False,2.0,3.0,2.0,2.0,4.0,2.0,15.0,50.0,4.0,2.0,4.0,4.0,4.0,3,2.0,4.0,27.0,67.5
19643,mid,M,disloyal,39,business,eco plus,642,0,0,0,same,neutral or dissatisfied,False,2.0,3.0,5.0,5.0,3.0,5.0,23.0,76.67,1.0,1.0,4.0,3.0,3.0,3,4.0,3.0,22.0,55.0
85345,mid,F,disloyal,26,business,eco plus,874,0,0,0,same,neutral or dissatisfied,False,2.0,4.0,2.0,2.0,3.0,2.0,15.0,50.0,4.0,3.0,4.0,3.0,3.0,2,3.0,3.0,25.0,62.5
56769,mid,F,disloyal,48,business,eco plus,937,0,0,0,same,neutral or dissatisfied,False,1.0,3.0,1.0,1.0,2.0,1.0,9.0,30.0,1.0,4.0,3.0,2.0,2.0,4,4.0,2.0,22.0,55.0
27247,mid,F,disloyal,28,business,eco plus,1024,30,24,6,recovered,satisfied,True,3.0,4.0,3.0,3.0,,3.0,16.0,53.33,2.0,4.0,5.0,,,3,3.0,,17.0,42.5
43517,mid,F,disloyal,29,business,eco plus,679,0,0,0,same,satisfied,True,4.0,1.0,4.0,4.0,4.0,4.0,21.0,70.0,3.0,5.0,4.0,4.0,4.0,5,1.0,4.0,30.0,75.0
20882,mid,F,disloyal,25,business,eco plus,357,1,0,1,recovered,neutral or dissatisfied,False,4.0,4.0,4.0,4.0,4.0,4.0,24.0,80.0,5.0,5.0,1.0,4.0,4.0,3,3.0,,25.0,62.5
42742,mid,F,disloyal,38,business,eco plus,536,0,0,0,same,neutral or dissatisfied,False,3.0,1.0,3.0,3.0,3.0,3.0,16.0,53.33,4.0,2.0,4.0,3.0,3.0,1,1.0,3.0,21.0,52.5
17529,mid,F,disloyal,24,business,eco plus,241,1,0,1,recovered,satisfied,True,1.0,4.0,2.0,2.0,,2.0,11.0,36.67,3.0,3.0,5.0,,,2,3.0,2.0,18.0,45.0
